
/*!40101 SET @OLD_CHARACTER_SET_CLIENT=@@CHARACTER_SET_CLIENT */;
/*!40101 SET @OLD_CHARACTER_SET_RESULTS=@@CHARACTER_SET_RESULTS */;
/*!40101 SET @OLD_COLLATION_CONNECTION=@@COLLATION_CONNECTION */;
/*!50503 SET NAMES utf8 */;
/*!40103 SET @OLD_TIME_ZONE=@@TIME_ZONE */;
/*!40103 SET TIME_ZONE='+00:00' */;
/*!40014 SET @OLD_UNIQUE_CHECKS=@@UNIQUE_CHECKS, UNIQUE_CHECKS=0 */;
/*!40014 SET @OLD_FOREIGN_KEY_CHECKS=@@FOREIGN_KEY_CHECKS, FOREIGN_KEY_CHECKS=0 */;
/*!40101 SET @OLD_SQL_MODE=@@SQL_MODE, SQL_MODE='NO_AUTO_VALUE_ON_ZERO' */;
/*!40111 SET @OLD_SQL_NOTES=@@SQL_NOTES, SQL_NOTES=0 */;

-- -----------------------------------------------------
-- Schema myJob
-- -----------------------------------------------------
CREATE SCHEMA IF NOT EXISTS `myJob` DEFAULT CHARACTER SET utf8 ;
USE `myJob` ;


-- -----------------------------------------------------
-- Table `myJob`.`UserAccount`
-- -----------------------------------------------------
CREATE TABLE IF NOT EXISTS `myJob`.`UserAccount` (
  `UserID` INT NOT NULL AUTO_INCREMENT,
  `Email` VARCHAR(254) NOT NULL,
  `Password` VARCHAR(255) NOT NULL,
  `FirstName` VARCHAR(15) NOT NULL,
  `LastName` VARCHAR(15) NOT NULL,
  `Phone` VARCHAR(15) NOT NULL,
  `TimeStamp` TIMESTAMP NOT NULL DEFAULT CURRENT_TIMESTAMP ON UPDATE CURRENT_TIMESTAMP,
  PRIMARY KEY (`UserID`, `Email`))
ENGINE = InnoDB;

-- -----------------------------------------------------
-- Table `myJob`.`JobTypes`
-- -----------------------------------------------------
CREATE TABLE IF NOT EXISTS `myJob`.`JobTypes` (
  `JobTypeID` INT NOT NULL AUTO_INCREMENT,
  `Title` VARCHAR(30) NOT NULL,
  `TimeStamp` TIMESTAMP NOT NULL DEFAULT CURRENT_TIMESTAMP ON UPDATE CURRENT_TIMESTAMP,
  PRIMARY KEY (`JobTypeID`))
ENGINE = InnoDB;


-- -----------------------------------------------------
-- Table `myJob`.`ExperienceRequired`
-- -----------------------------------------------------
CREATE TABLE IF NOT EXISTS `myJob`.`ExperienceRequired` (
  `ExpReqID` INT NOT NULL AUTO_INCREMENT,
  `Title` VARCHAR(30) NOT NULL,
  `TimeStamp` TIMESTAMP NOT NULL DEFAULT CURRENT_TIMESTAMP ON UPDATE CURRENT_TIMESTAMP,
  PRIMARY KEY (`ExpReqID`))
ENGINE = InnoDB;

-- -----------------------------------------------------
-- Table `myJob`.`ZipCodes`
-- -----------------------------------------------------
CREATE TABLE IF NOT EXISTS `myJob`.`ZipCodes` (
  `ZipCode` VARCHAR(15) NOT NULL,
  `City` VARCHAR(30) NOT NULL,
  `State` VARCHAR(30) NOT NULL,
  `TimeStamp` TIMESTAMP NOT NULL DEFAULT CURRENT_TIMESTAMP ON UPDATE CURRENT_TIMESTAMP,
  PRIMARY KEY (`ZipCode`))
ENGINE = InnoDB;



-- -----------------------------------------------------
-- Table `myJob`.`Address`
-- -----------------------------------------------------
CREATE TABLE IF NOT EXISTS `myJob`.`Address` (
  `AddressID` INT NOT NULL AUTO_INCREMENT,
  `ZipCode` VARCHAR(15) NOT NULL,
  `StreetAddress` VARCHAR(45) NOT NULL,
  `TimeStamp` DATETIME NULL,
  PRIMARY KEY (`AddressID`),
  FOREIGN KEY (`ZipCode`)
  REFERENCES `ZipCodes` (`ZipCode`))
ENGINE = InnoDB;


-- -----------------------------------------------------
-- Table `myJob`.`SalaryRange`
-- -----------------------------------------------------
CREATE TABLE IF NOT EXISTS `myJob`.`SalaryRange` (
  `SalaryID` INT NOT NULL AUTO_INCREMENT,
  `Title` VARCHAR(30) NULL,
  `TimeStamp` TIMESTAMP NOT NULL DEFAULT CURRENT_TIMESTAMP ON UPDATE CURRENT_TIMESTAMP,
  PRIMARY KEY (`SalaryID`))
ENGINE = InnoDB;

-- -----------------------------------------------------
-- Table `myJob`.`EducationLevels`
-- -----------------------------------------------------
CREATE TABLE IF NOT EXISTS `myJob`.`EducationLevels` (
  `EducationID` INT NOT NULL AUTO_INCREMENT,
  `Title` VARCHAR(30) NOT NULL,
  `TimeStamp` TIMESTAMP NOT NULL DEFAULT CURRENT_TIMESTAMP ON UPDATE CURRENT_TIMESTAMP,
  PRIMARY KEY (`EducationID`))
ENGINE = InnoDB;

-- -----------------------------------------------------
-- Table `myJob`.`Employee`
-- -----------------------------------------------------
CREATE TABLE IF NOT EXISTS `myJob`.`Employee` (
  `EmployeeID` INT NOT NULL AUTO_INCREMENT,
  `UserID` INT NOT NULL,
  `EducationID` INT NOT NULL,
  `TimeStamp` TIMESTAMP NOT NULL DEFAULT CURRENT_TIMESTAMP ON UPDATE CURRENT_TIMESTAMP,
  PRIMARY KEY (`EmployeeID`),
  FOREIGN KEY (`UserID`)
  REFERENCES `UserAccount` (`UserID`),
  FOREIGN KEY (`EducationID`)
  REFERENCES `EducationLevels` (`EducationID`))
ENGINE = InnoDB;

-- -----------------------------------------------------
-- Table `myJob`.`Employer`
-- -----------------------------------------------------
CREATE TABLE IF NOT EXISTS `myJob`.`Employer` (
  `EmployerID` INT NOT NULL AUTO_INCREMENT,
  `CompanyEmail` VARCHAR(254) NOT NULL,
  `CompanyName` VARCHAR(30) NOT NULL,
  `CompanyPhone` VARCHAR(15) NOT NULL,
  `UserID` INT NOT NULL,
  `AddressID` INT NOT NULL,
  `TimeStamp` DATETIME NULL,
  PRIMARY KEY (`EmployerID`),
  FOREIGN KEY (`UserID`)
  REFERENCES `UserAccount` (`UserID`),
  FOREIGN KEY (`AddressID`) 
  REFERENCES `Address` (`AddressID`))
ENGINE = InnoDB;


-- -----------------------------------------------------
-- Table `myJob`.`Roles`
-- -----------------------------------------------------
CREATE TABLE IF NOT EXISTS `myJob`.`Roles` (
  `RoleID` INT NOT NULL,
  `Title` VARCHAR(30) NOT NULL,
  `TimeStamp` TIMESTAMP NOT NULL DEFAULT CURRENT_TIMESTAMP ON UPDATE CURRENT_TIMESTAMP,
  PRIMARY KEY (`RoleID`))
ENGINE = InnoDB;


-- -----------------------------------------------------
-- Table `myJob`.`EmployerAdmin`
-- -----------------------------------------------------
CREATE TABLE IF NOT EXISTS `myJob`.`EmployerAdmin`(
  `UserID` INT NOT NULL,
  `RoleID` INT NOT NULL,
  `EmployerID` INT NOT NULL,
  `TimeStamp` TIMESTAMP NOT NULL DEFAULT CURRENT_TIMESTAMP ON UPDATE CURRENT_TIMESTAMP,
   FOREIGN KEY (`UserID`)
    REFERENCES `useraccount`(`UserID`),
  FOREIGN KEY (`RoleID`)
    REFERENCES `Roles`(`RoleID`),
  FOREIGN KEY (`EmployerID`)
    REFERENCES `Employer`(`EmployerID`))
ENGINE = InnoDB;

-- -----------------------------------------------------
-- Table `myJob`.`BenefitsOffered`
-- -----------------------------------------------------
CREATE TABLE IF NOT EXISTS `myJob`.`BenefitsOffered` (
  `BenefitID` INT NOT NULL,
  `Title` VARCHAR(30) NOT NULL,
  `TimeStamp` TIMESTAMP NOT NULL DEFAULT CURRENT_TIMESTAMP ON UPDATE CURRENT_TIMESTAMP,
  PRIMARY KEY (`BenefitID`))
ENGINE = InnoDB;


-- -----------------------------------------------------
-- Table `myJob`.`ApplicationStatus`
-- -----------------------------------------------------
CREATE TABLE IF NOT EXISTS `myJob`.`ApplicationStatus` (
  `AppStatusID` INT NOT NULL,
  `Title` VARCHAR(30) NOT NULL,
  `TimeStamp` TIMESTAMP NOT NULL DEFAULT CURRENT_TIMESTAMP ON UPDATE CURRENT_TIMESTAMP,
  PRIMARY KEY (`AppStatusID`))
ENGINE = InnoDB;


-- -----------------------------------------------------
-- Table `myJob`.`JobPosts`
-- -----------------------------------------------------
CREATE TABLE IF NOT EXISTS `myJob`.`JobPosts` (
  `Title` VARCHAR(30) NOT NULL,
  `Description` VARCHAR(90) NOT NULL,
  `Responsibilities` VARCHAR(90) NOT NULL,
  `Qualifications` VARCHAR(60) NOT NULL,
  `DatePosted` VARCHAR(15) NOT NULL,
  `Deadline` VARCHAR(15) NOT NULL,
  `ContactDetails` VARCHAR(45) NOT NULL,
  `JobPostID` INT NOT NULL,
  `EducationID` INT NOT NULL,
  `AddressID` INT NOT NULL,
  `JobTypeID` INT NOT NULL,
  `ExpReqID` INT NOT NULL,
  `SalaryID` INT NOT NULL,
  `TimeStamp` TIMESTAMP NOT NULL DEFAULT CURRENT_TIMESTAMP ON UPDATE CURRENT_TIMESTAMP,
  PRIMARY KEY (`JobPostID`),
    FOREIGN KEY (`EducationID`)
    REFERENCES `EducationLevels` (`EducationID`),
    FOREIGN KEY (`AddressID`)
    REFERENCES `Address` (`AddressID`),
    FOREIGN KEY (`JobTypeID`)
    REFERENCES `JobTypes` (`JobTypeID`),
    FOREIGN KEY (`ExpReqID`)
    REFERENCES `ExperienceRequired` (`ExpReqID`),
    FOREIGN KEY (`SalaryID`)
    REFERENCES `SalaryRange` (`SalaryID`))
ENGINE = InnoDB;


-- -----------------------------------------------------
-- Table `myJob`.`JobBenefits`
-- -----------------------------------------------------
CREATE TABLE IF NOT EXISTS `myJob`.`JobBenefits` (
  `Title` VARCHAR(30) NOT NULL,
  `BenefitID` INT NOT NULL,
  `JobPostID` INT NOT NULL,
  `TimeStamp` TIMESTAMP NOT NULL DEFAULT CURRENT_TIMESTAMP ON UPDATE CURRENT_TIMESTAMP,
    FOREIGN KEY (`BenefitID`)
    REFERENCES `BenefitsOffered` (`BenefitID`),
    FOREIGN KEY (`JobPostID`)
    REFERENCES `JobPosts` (`JobPostID`))
ENGINE = InnoDB;


-- -----------------------------------------------------
-- Table `myJob`.`AppliedPosts`
-- -----------------------------------------------------
CREATE TABLE IF NOT EXISTS `myJob`.`AppliedPosts` (
   `EmployeeID` INT NOT NULL,
   `AppStatusID` INT NOT NULL,
   `JobPostID` INT NOT NULL,
   `TimeStamp` TIMESTAMP NOT NULL DEFAULT CURRENT_TIMESTAMP ON UPDATE CURRENT_TIMESTAMP,
    FOREIGN KEY (`EmployeeID`)
    REFERENCES `Employee` (`EmployeeID`),
    FOREIGN KEY (`AppStatusID`)
    REFERENCES `ApplicationStatus` (`AppStatusID`),
    FOREIGN KEY (`JobPostID`)
    REFERENCES `JobPosts` (`JobPostID`))
ENGINE = InnoDB;


-- -----------------------------------------------------
-- Table `myJob`.`SavedPosts`
-- -----------------------------------------------------
CREATE TABLE IF NOT EXISTS `myJob`.`SavedPosts` (
   `EmployeeID` INT NOT NULL,
   `JobPostID` INT NOT NULL,
   `TimeStamp` TIMESTAMP NOT NULL DEFAULT CURRENT_TIMESTAMP ON UPDATE CURRENT_TIMESTAMP,
    FOREIGN KEY (`EmployeeID`)
    REFERENCES `Employee` (`EmployeeID`),
    FOREIGN KEY (`JobPostID`)
    REFERENCES `JobPosts` (`JobPostID`))
ENGINE = InnoDB;

LOCK TABLES `useraccount` WRITE;
/*!40000 ALTER TABLE `useraccount` DISABLE KEYS */;
INSERT INTO `useraccount` VALUES (1,'lastley0@hatena.ne.jp','5fC1JFdF','Lyda','Astley','137-810-9374','2022-03-27 00:00:00'),(2,'pwestney1@g.co','TA3SD1OMog','Petrina','Westney','381-870-6955','2021-07-14 00:00:00'),(3,'mclemonts2@i2i.jp','ke0qQv','Merilyn','Clemonts','659-794-4733','2021-05-19 00:00:00'),(4,'rbramelt3@wp.com','9QWcOLo0','Rhody','Bramelt','372-853-3313','2022-05-01 00:00:00'),(5,'lhewes4@artisteer.com','jKyjNQfv2','Lettie','Hewes','945-469-3887','2022-03-10 00:00:00'),(6,'jgeraldi5@zdnet.com','ptI6YmHfobN','Jenda','Geraldi','968-496-9319','2021-09-14 00:00:00'),(7,'gpoundsford6@a8.net','WUxuR6Qjot7x','Gayel','Poundsford','997-910-4857','2021-06-20 00:00:00'),(8,'coliveira7@umn.edu','eDVSLpu','Cacilie','Oliveira','595-474-3827','2021-05-29 00:00:00'),(9,'kanthony8@comcast.net','Umf62md','Katya','Anthony','164-602-5623','2021-07-25 00:00:00'),(10,'lgabites9@businessinsider.com','vwHYlwLzIA','Lisetta','Gabites','287-173-1808','2022-03-24 00:00:00'),(11,'ptotaroa@live.com','3EB1i2xexQ2','Phil','Totaro','570-517-6430','2021-06-17 00:00:00'),(12,'cpaddickb@miitbeian.gov.cn','JmGowrkUFHB','Carlota','Paddick','730-251-4739','2021-06-25 00:00:00'),(13,'jkirsoppc@sun.com','rvMl2Y6E9O','Jefferson','Kirsopp','317-647-4199','2021-09-08 00:00:00'),(14,'cclymod@dell.com','9lTcyPB024','Charlotte','Clymo','810-320-9460','2022-01-21 00:00:00'),(15,'dfoshe@reference.com','vBKTBmM','Dasya','Fosh','936-225-8812','2021-05-10 00:00:00'),(16,'gbunkerf@typepad.com','ZG4jnoL','Gisella','Bunker','900-484-1395','2022-01-11 00:00:00'),(17,'bstruisg@bing.com','xgGlYws8d4U','Bran','Struis','182-238-9849','2022-04-25 00:00:00'),(18,'mworthingh@nifty.com','cRag3zsN1v9','Monro','Worthing','998-451-9263','2022-01-11 00:00:00'),(19,'apolkinhorni@friendfeed.com','N3IfkUKI','Arliene','Polkinhorn','876-240-0545','2021-06-04 00:00:00'),(20,'escargillj@elpais.com','b4YzULsS6','Eddi','Scargill','881-609-4532','2022-04-01 00:00:00'),(21,'dpaolik@noaa.gov','ZHQVS1t9ELJA','Damiano','Paoli','314-410-1841','2021-12-26 00:00:00'),(22,'cjahnigl@google.nl','NbUvfqFer5','Cori','Jahnig','869-129-6801','2021-07-06 00:00:00'),(23,'lblanchettem@state.tx.us','UFfdFUY0ui','Leia','Blanchette','240-490-3897','2021-08-02 00:00:00'),(24,'dtrahearnn@prweb.com','XSf9yTNS','Dorice','Trahearn','330-674-6674','2022-03-25 00:00:00'),(25,'eeadmeadeso@ehow.com','UKtYGzDFKFZ4','Evelin','Eadmeades','186-815-0591','2022-02-03 00:00:00'),(26,'lcamblep@nsw.gov.au','TW88JCTBLrv','Lizette','Camble','456-189-4328','2022-02-22 00:00:00'),(27,'drumensq@dailymail.co.uk','2hfFeHH29SMI','Denver','Rumens','438-240-0753','2021-06-09 00:00:00'),(28,'gjoppr@kickstarter.com','6kDBPIjqhh6','Gina','Jopp','287-297-7873','2022-02-07 00:00:00'),(29,'eminneys@webnode.com','WwLINdQ','Efren','Minney','415-544-4063','2021-09-13 00:00:00'),(30,'ceddollst@discovery.com','1zFv7a3f','Caesar','Eddolls','418-184-7833','2021-09-16 00:00:00'),(31,'dwhitehairu@mozilla.com','GZPxuIgajG2r','Duane','Whitehair','384-427-8594','2021-07-29 00:00:00'),(32,'eayshv@issuu.com','gBHsUzDf1','Etty','Aysh','573-105-5519','2022-04-09 00:00:00'),(33,'hbourgourw@stanford.edu','1sTvlJaqRZ6j','Haywood','Bourgour','720-759-7266','2021-12-19 00:00:00'),(34,'enehlx@google.com','n18AoP8','Eugenio','Nehl','973-148-7402','2021-11-16 00:00:00'),(35,'nzarfaiy@phoca.cz','kdkbVeCG9vNd','Nye','Zarfai','997-850-2704','2021-05-26 00:00:00'),(36,'swollardz@sbwire.com','IEHldy','Sherye','Wollard','470-761-7734','2022-03-26 00:00:00'),(37,'ahazeup10@guardian.co.uk','Z4rASp7','Averyl','Hazeup','730-465-1820','2021-12-17 00:00:00'),(38,'ckiddye11@hibu.com','P4ulBzEI9O','Candie','Kiddye','297-665-3944','2021-09-24 00:00:00'),(39,'rhoulston12@ehow.com','8sPbZtkvN','Reina','Houlston','410-490-7930','2021-09-25 00:00:00'),(40,'jchalmers13@umn.edu','cDhzHQ6Fc','Jedidiah','Chalmers','331-177-5519','2021-09-24 00:00:00'),(41,'brossey14@dell.com','mEv4wKi0p','Brett','Rossey','765-410-6897','2022-01-12 00:00:00'),(42,'doak15@craigslist.org','LjcyimKoUS','Dene','Oak','747-219-1526','2022-03-20 00:00:00'),(43,'gpargeter16@mediafire.com','mQUuDNGDRY','Galvin','Pargeter','944-107-7018','2021-08-01 00:00:00'),(44,'jogilvy17@tamu.edu','L7AhAMXF4hJ','Jillayne','Ogilvy','868-162-0397','2021-09-11 00:00:00'),(45,'jiverson18@privacy.gov.au','cxsL2SzGiV0','Junia','Iverson','157-794-3739','2021-09-26 00:00:00'),(46,'athieme19@microsoft.com','P2ArO4vkZF','Ardra','Thieme','812-568-3738','2021-10-10 00:00:00'),(47,'bdod1a@oakley.com','VNWk84TXN','Barnett','Dod','639-264-2669','2021-12-21 00:00:00'),(48,'walabaster1b@loc.gov','5xXQyYtMe','Werner','Alabaster','357-857-0863','2021-12-13 00:00:00'),(49,'sgouldstone1c@nifty.com','CWBzshn5hC4p','Staffard','Gouldstone','757-790-0510','2021-10-22 00:00:00'),(50,'mfeldbau1d@so-net.ne.jp','G48FbD','Mariquilla','Feldbau','938-619-9630','2021-12-05 00:00:00'),(51,'mgoldson1e@jiathis.com','uGoXADlW','Marcelle','Goldson','569-984-2036','2022-02-23 00:00:00'),(52,'chessing1f@barnesandnoble.com','t2MNDG','Catherin','Hessing','439-946-4444','2021-10-03 00:00:00'),(53,'cgalliford1g@joomla.org','AhgfvX01jg','Clarette','Galliford','506-742-7633','2021-11-21 00:00:00'),(54,'kbrahms1h@marketwatch.com','kGb6IxeKjHt','Kermy','Brahms','287-853-2792','2021-10-03 00:00:00'),(55,'flangelay1i@boston.com','BTAIcoyB','Frasier','Langelay','303-273-3608','2021-05-17 00:00:00'),(56,'nkubasek1j@diigo.com','rUAsDs','Noby','Kubasek','319-636-2969','2021-10-12 00:00:00'),(57,'hheaford1k@istockphoto.com','tycE2A5fi2','Hedvig','Heaford','880-913-5232','2021-10-10 00:00:00'),(58,'cunion1l@xing.com','JPklSIk','Caritta','Union','447-951-0438','2022-04-16 00:00:00'),(59,'fgabitis1m@hatena.ne.jp','TXeRtP8FViq','Frannie','Gabitis','668-760-7168','2021-06-14 00:00:00'),(60,'ibuckingham1n@reverbnation.com','NepsJfO7','Irvin','Buckingham','304-385-8646','2022-02-19 00:00:00'),(61,'mdmiterko1o@mit.edu','khu0ykXC','Mikaela','Dmiterko','618-523-0503','2021-05-29 00:00:00'),(62,'dbutterfield1p@umn.edu','yKozgaLrA','De','Butterfield','187-888-2070','2021-08-02 00:00:00'),(63,'rmatthessen1q@fotki.com','Acv15AozMZ','Rheta','Matthessen','403-534-6077','2022-01-06 00:00:00'),(64,'idipietro1r@state.gov','2NRMeM','Ibrahim','Di Pietro','947-393-1294','2022-04-30 00:00:00'),(65,'tnisco1s@eventbrite.com','EEZSrSSZEnCw','Terrill','Nisco','233-575-4193','2021-09-03 00:00:00'),(66,'fvarlow1t@sbwire.com','RDwl4ombzM','Fionna','Varlow','903-357-6178','2021-06-05 00:00:00'),(67,'cologan1u@vistaprint.com','SgJRaRyctZ6Q','Carolina','O\'Logan','487-473-6717','2022-03-13 00:00:00'),(68,'hegan1v@ezinearticles.com','0waSBEI5VG','Humphrey','Egan','915-420-0016','2022-01-24 00:00:00'),(69,'jbanyard1w@blogs.com','6Um58B','Jennifer','Banyard','924-250-2920','2021-06-15 00:00:00'),(70,'agaitone1x@globo.com','qazE1Fh','Agneta','Gaitone','538-565-9572','2021-09-12 00:00:00'),(71,'clewknor1y@ft.com','blRGD8vC','Cullie','Lewknor','479-319-0708','2021-10-10 00:00:00'),(72,'nkibard1z@ihg.com','bI98Fw','Noni','Kibard','392-523-0143','2021-08-17 00:00:00'),(73,'jtatershall20@google.fr','fTOMTsY4cD','Janka','Tatershall','116-444-4785','2021-11-25 00:00:00'),(74,'ccuss21@dot.gov','dewZqEK','Carma','Cuss','697-931-5007','2022-03-03 00:00:00'),(75,'elhomme22@howstuffworks.com','StR49LpyVFgd','Emmy','L\'Homme','370-251-0376','2021-10-25 00:00:00'),(76,'sjancar23@odnoklassniki.ru','UoADY8EVJC','Say','Jancar','757-157-6700','2021-11-02 00:00:00'),(77,'rboustead24@irs.gov','xBN1KlhAHnkQ','Rodrick','Boustead','204-495-2825','2022-03-01 00:00:00'),(78,'wbambrough25@ning.com','6rjcK3iJun','Walton','Bambrough','547-819-6850','2021-06-02 00:00:00'),(79,'cparsand26@intel.com','ssK5fu8Yv','Clair','Parsand','833-231-6230','2021-10-29 00:00:00'),(80,'ejoseph27@yellowpages.com','d6QB643nGzk','Ernest','Joseph','891-712-7336','2022-03-07 00:00:00'),(81,'lsteffans28@tuttocitta.it','YJePWi','Lisabeth','Steffans','464-873-1948','2021-11-10 00:00:00'),(82,'lburras29@unblog.fr','0cMCHKyUH','Louise','Burras','313-260-2967','2022-02-07 00:00:00'),(83,'ilethley2a@com.com','818oi5P','Isiahi','Lethley','143-274-1624','2021-10-07 00:00:00'),(84,'avoase2b@sphinn.com','YtUsT1IslaR0','Agretha','Voase','732-821-8701','2021-08-29 00:00:00'),(85,'darmsden2c@w3.org','6trAXBq','Darryl','Armsden','254-269-8313','2022-01-26 00:00:00'),(86,'atissell2d@php.net','z1ZF9sTTF','Aundrea','Tissell','316-746-6102','2022-01-29 00:00:00'),(87,'whanhard2e@ezinearticles.com','ahyjaow','Web','Hanhard','370-214-3058','2022-03-10 00:00:00'),(88,'mbeavers2f@github.com','v65klVv8tG','Megen','Beavers','720-997-3880','2022-02-10 00:00:00'),(89,'tbackson2g@goodreads.com','EjDjCKA','Theda','Backson','878-756-8608','2021-12-03 00:00:00'),(90,'kpullinger2h@trellian.com','Mv7SZfIAIS','Kendell','Pullinger','567-804-5278','2021-11-20 00:00:00'),(91,'wpauer2i@multiply.com','brKLLOkbJi','Wilhelm','Pauer','916-824-9678','2021-08-23 00:00:00'),(92,'mlymer2j@goo.gl','6X4f3cGcKwq','Melisenda','Lymer','568-243-7711','2022-02-06 00:00:00'),(93,'edorber2k@issuu.com','8jYHIlyAh1','Emelina','Dorber','934-295-4516','2021-05-28 00:00:00'),(94,'jmcatamney2l@paginegialle.it','Pl0pNcB','Jard','McAtamney','121-478-3232','2021-08-19 00:00:00'),(95,'dlynock2m@slate.com','9T5udMwbdDD','Dane','Lynock','736-456-0983','2021-07-04 00:00:00'),(96,'lhamblyn2n@themeforest.net','BrKdC1Ln','Lilli','Hamblyn','355-311-2113','2021-09-09 00:00:00'),(97,'mdebanke2o@desdev.cn','F3OTqy6dy7r','Mile','de Banke','233-559-8546','2021-11-28 00:00:00'),(98,'lharrod2p@timesonline.co.uk','vtx6TZ6FS7','Logan','Harrod','439-583-8527','2022-01-07 00:00:00'),(99,'dwillers2q@flavors.me','XvVNImfd','Doloritas','Willers','417-164-5180','2022-04-23 00:00:00'),(100,'deagell2r@redcross.org','20YUL5','Deanna','Eagell','588-616-9444','2021-11-14 00:00:00'),(101,'ilackney2s@wiley.com','8fPxM4iV85','Iver','Lackney','716-716-7845','2021-10-23 00:00:00'),(102,'emarking2t@desdev.cn','g51plTNniom','Ebeneser','Marking','908-359-4367','2021-12-17 00:00:00'),(103,'bbiskupiak2u@gizmodo.com','rZzidbUIRpAm','Bea','Biskupiak','470-391-1598','2022-04-25 00:00:00'),(104,'flayus2v@marriott.com','fL64j43fGd9','Fields','Layus','942-175-5237','2022-03-17 00:00:00'),(105,'slate2w@weather.com','PPJ9YfOatB','Sim','Late','202-836-8042','2021-06-29 00:00:00'),(106,'npawels2x@wordpress.com','vHXafHb6z','Nanine','Pawels','627-398-7293','2022-02-23 00:00:00'),(107,'tdaybell2y@huffingtonpost.com','H6arob8cwf1','Therese','Daybell','282-975-7503','2022-04-05 00:00:00'),(108,'jrumming2z@latimes.com','4NjnEhytl','Jerrie','Rumming','820-798-9617','2021-12-02 00:00:00'),(109,'ogoldsworthy30@istockphoto.com','oC755ry70lMk','Ora','Goldsworthy','366-382-8809','2021-05-13 00:00:00'),(110,'mrobins31@senate.gov','394vtspx8','Mikey','Robins','929-502-0392','2021-05-18 00:00:00'),(111,'bgaunter32@jiathis.com','6Z8cNIaaO','Brit','Gaunter','829-519-8275','2021-07-12 00:00:00'),(112,'crivers33@wisc.edu','rY6aFZ','Case','Rivers','829-729-2256','2022-03-14 00:00:00'),(113,'tmcguiney34@disqus.com','hMyYzhq5e','Tailor','McGuiney','512-473-0003','2021-12-23 00:00:00'),(114,'bcavnor35@howstuffworks.com','u47kbO12uB','Briny','Cavnor','143-312-7790','2021-11-25 00:00:00'),(115,'rwolfit36@reddit.com','nqAfna9ow','Rourke','Wolfit','328-576-7686','2022-04-28 00:00:00'),(116,'bopfer37@wix.com','5TgpSl','Brigham','Opfer','310-582-2934','2021-08-12 00:00:00'),(117,'sovesen38@imdb.com','aAVTCC','Sherry','Ovesen','586-241-4025','2021-08-13 00:00:00'),(118,'nkitto39@ft.com','aiPgxI5BVAid','Nicky','Kitto','924-204-1445','2022-01-04 00:00:00'),(119,'hbeades3a@issuu.com','tr36KcEf','Hewie','Beades','708-568-4485','2022-02-21 00:00:00'),(120,'hreinhart3b@comcast.net','1aYNfSk','Harrie','Reinhart','460-960-5052','2021-10-21 00:00:00'),(121,'jhansman3c@yale.edu','RuZWF2OEL6t7','Joanne','Hansman','805-998-4557','2022-03-01 00:00:00'),(122,'ajagg3d@liveinternet.ru','K3uYIsKnZD','Antoinette','Jagg','170-729-4360','2021-05-07 00:00:00'),(123,'dlodewick3e@facebook.com','INUdCCEOnArm','Derron','Lodewick','812-959-5943','2021-09-28 00:00:00'),(124,'lnacci3f@miitbeian.gov.cn','euFzGgoHGSj','Lindsey','Nacci','726-707-1693','2021-07-03 00:00:00'),(125,'cbeevis3g@vistaprint.com','0XtPqptyyN5h','Claudio','Beevis','744-366-2071','2021-06-01 00:00:00'),(126,'fweinham3h@csmonitor.com','LYkrp3p3TAd','Filbert','Weinham','578-381-2851','2022-01-10 00:00:00'),(127,'nessame3i@fastcompany.com','YQO1VBTX','Nicolea','Essame','831-385-8136','2022-04-28 00:00:00'),(128,'ddenkin3j@squarespace.com','ZpGLoHaOHJz','Dud','Denkin','889-222-5667','2022-03-11 00:00:00'),(129,'spovlsen3k@altervista.org','MDUnZkMYl','Sonny','Povlsen','490-695-3323','2021-11-12 00:00:00'),(130,'gshelper3l@qq.com','77wvjx','Granny','Shelper','236-383-8011','2021-06-16 00:00:00'),(131,'rkuhlen3m@nydailynews.com','AWfY9WroXDHu','Rosina','Kuhlen','111-385-0050','2022-04-01 00:00:00'),(132,'tdavisson3n@diigo.com','2YCXc2ZMfoE','Titos','Davisson','230-638-1683','2022-04-12 00:00:00'),(133,'tauty3o@clickbank.net','iAg7IAL0Ss','Tom','Auty','994-458-5719','2022-03-17 00:00:00'),(134,'astaddon3p@surveymonkey.com','gjSKjxr2','Amy','Staddon','720-846-6093','2021-10-23 00:00:00'),(135,'gend3q@csmonitor.com','VmoVUPRW','Goldi','End','957-943-8399','2022-02-16 00:00:00'),(136,'jmulbry3r@themeforest.net','N73RX2QV7','Jenifer','Mulbry','501-768-4691','2021-09-15 00:00:00'),(137,'weddow3s@washington.edu','hHDhC3zDJA','Wini','Eddow','223-851-6174','2021-11-08 00:00:00'),(138,'dcotherill3t@accuweather.com','ShMlFTuB6o','Darell','Cotherill','879-410-6285','2021-10-31 00:00:00'),(139,'asugar3u@youtube.com','dF3A8Tepf6vz','Arturo','Sugar','782-949-3058','2022-03-27 00:00:00'),(140,'mmuncie3v@google.nl','N79qHTTF','Mamie','Muncie','722-416-5404','2022-02-13 00:00:00'),(141,'cpingston3w@bravesites.com','u12Yvvw','Carr','Pingston','633-386-0265','2021-12-31 00:00:00'),(142,'gmarcum3x@spiegel.de','MT5ljJfTeI','Giraldo','Marcum','780-355-6685','2021-11-05 00:00:00'),(143,'hdufer3y@wikia.com','Qbd8nhQGwUya','Haley','Dufer','103-595-8888','2021-09-20 00:00:00'),(144,'hgilbride3z@naver.com','plyS5O','Hildy','Gilbride','259-227-0661','2022-02-06 00:00:00'),(145,'myourell40@lulu.com','KZEjKCT','Megen','Yourell','443-115-4610','2021-06-21 00:00:00'),(146,'dboughen41@techcrunch.com','O2WpqJKdz5q','Dani','Boughen','818-194-6687','2021-10-29 00:00:00'),(147,'odoleman42@irs.gov','Ts9U75J','Ozzy','Doleman','742-826-4588','2021-09-04 00:00:00'),(148,'fstatersfield43@cmu.edu','GoVEXvcKqaXa','Far','Statersfield','649-185-1392','2021-07-17 00:00:00'),(149,'kdurston44@archive.org','bqCwZXqH','Kennedy','Durston','300-378-0230','2021-12-17 00:00:00'),(150,'jlaroze45@yandex.ru','sxCPEj3hm8v','Jeni','Laroze','654-527-8745','2021-06-22 00:00:00'),(151,'hlogsdail46@pagesperso-orange.fr','7OGlKYfM8','Hymie','Logsdail','444-365-1027','2021-05-16 00:00:00'),(152,'ebond47@kickstarter.com','JrmKY8j7z7tq','Early','Bond','748-971-1046','2021-05-25 00:00:00'),(153,'pzappel48@google.com','T0LQNboKBjaW','Pincas','Zappel','373-269-4193','2021-06-11 00:00:00'),(154,'dhulmes49@homestead.com','z3g9lcjFpH9','Denver','Hulmes','598-253-0301','2021-10-11 00:00:00'),(155,'mchilles4a@dropbox.com','l0QgJe','Marcelle','Chilles','951-885-8460','2021-11-23 00:00:00'),(156,'bgrigorescu4b@senate.gov','izP9MQb','Bridget','Grigorescu','124-538-2553','2021-12-28 00:00:00'),(157,'qdunderdale4c@deviantart.com','qde550o','Quentin','Dunderdale','643-394-0271','2021-08-28 00:00:00'),(158,'lbendig4d@usatoday.com','8hCf3g','Lyon','Bendig','274-491-5642','2022-01-16 00:00:00'),(159,'kgalea4e@narod.ru','cMHqh7bO','Korrie','Galea','526-223-5861','2021-09-23 00:00:00'),(160,'gtoulson4f@about.com','gE6t1Qni','Gran','Toulson','141-146-0307','2021-12-26 00:00:00'),(161,'varboin4g@sciencedaily.com','MKH5j97xV3','Verena','Arboin','158-517-7165','2021-08-23 00:00:00'),(162,'ejosefs4h@yelp.com','BJRoQBKciM','Elliott','Josefs','268-833-9701','2022-03-14 00:00:00'),(163,'oreijmers4i@blog.com','kxWiFyG2','Olympe','Reijmers','101-199-9553','2021-11-21 00:00:00'),(164,'reskriet4j@jimdo.com','3ogoTW','Richard','Eskriet','898-973-1109','2022-04-22 00:00:00'),(165,'chatchman4k@biblegateway.com','Vg8ljj0Sc8','Clemmy','Hatchman','347-185-1827','2022-03-06 00:00:00'),(166,'vmccumesky4l@google.com.hk','nsaKFzhn5','Vernon','McCumesky','216-781-0480','2021-10-11 00:00:00'),(167,'astone4m@mayoclinic.com','fLBLS0QlZO','Ardelle','Stone','319-812-2141','2022-01-18 00:00:00'),(168,'oludee4n@privacy.gov.au','k65lyZHl1DrX','Olivia','Ludee','678-866-1710','2021-10-30 00:00:00'),(169,'swinteringham4o@booking.com','SwvIQAZLpE','Scotty','Winteringham','579-641-3690','2021-12-22 00:00:00'),(170,'owarnes4p@slate.com','tZwAE1bCER0','Olwen','Warnes','686-232-2204','2022-04-17 00:00:00'),(171,'tjaskiewicz4q@e-recht24.de','8Y2ioVdJa','Tanny','Jaskiewicz','740-959-4695','2022-04-05 00:00:00'),(172,'mcrass4r@is.gd','5DCVPNelMyQ','Maurits','Crass','756-657-2151','2022-02-25 00:00:00'),(173,'spetrosian4s@un.org','yiEa5pHMfb','Smitty','Petrosian','142-549-2874','2022-03-09 00:00:00'),(174,'fpomfrett4t@stumbleupon.com','2NL91oSr2DVN','Friedrick','Pomfrett','591-225-9454','2021-12-11 00:00:00'),(175,'bcolrein4u@desdev.cn','2qnVNZw','Barry','Colrein','728-381-7340','2022-05-01 00:00:00'),(176,'mbest4v@com.com','EySbffPJZBy7','Manfred','Best','484-743-4112','2021-09-02 00:00:00'),(177,'bbesemer4w@dion.ne.jp','XW9FDvaD','Brinna','Besemer','846-680-7255','2021-09-05 00:00:00'),(178,'bdallemore4x@jiathis.com','3JJhhpG96','Brenden','Dallemore','594-543-8596','2021-06-11 00:00:00'),(179,'vfiorentino4y@amazonaws.com','VQ3zaXX','Venita','Fiorentino','993-200-0501','2021-10-18 00:00:00'),(180,'yfernandez4z@surveymonkey.com','r3n2jo8Ld0','Yul','Fernandez','489-988-9871','2022-03-22 00:00:00'),(181,'tcicchetto50@google.com.au','TCHVB7CBtU7','Thedric','Cicchetto','923-282-6526','2021-08-23 00:00:00'),(182,'vfetherstonhaugh51@statcounter.com','v46na2EHR0','Valry','Fetherstonhaugh','463-745-8908','2021-06-23 00:00:00'),(183,'kbunson52@globo.com','KxgDRivs','Kattie','Bunson','525-497-3935','2022-04-13 00:00:00'),(184,'lbarenskie53@facebook.com','Rw7GoRnyKqcj','Loreen','Barenskie','514-377-0550','2021-06-05 00:00:00'),(185,'yatchly54@parallels.com','oMYy8gQTJW','Yalonda','Atchly','307-535-7442','2021-07-06 00:00:00'),(186,'horknay55@ovh.net','yR1rCpmb3TfF','Hussein','Orknay','497-665-6450','2021-05-10 00:00:00'),(187,'clouth56@sakura.ne.jp','Hi8krKc0Crh','Cad','Louth','624-892-8257','2022-03-16 00:00:00'),(188,'cmerrell57@meetup.com','M0H8d3GNuQ0','Chryste','Merrell','342-313-2052','2022-03-21 00:00:00'),(189,'lcahan58@bloglines.com','5YspM2p3R','Louella','Cahan','843-875-3584','2021-11-05 00:00:00'),(190,'bridley59@phoca.cz','MinB4n','Benny','Ridley','354-916-3533','2021-10-15 00:00:00'),(191,'rgathercoal5a@omniture.com','d0ZvTkAK','Roddie','Gathercoal','712-639-7304','2021-07-16 00:00:00'),(192,'bdadds5b@yelp.com','XUyZSHQ12Qy','Britteny','Dadds','633-282-2340','2022-04-24 00:00:00'),(193,'acalderonello5c@hubpages.com','lEewAfq4tXP','Aloise','Calderonello','111-366-7849','2022-03-28 00:00:00'),(194,'cveazey5d@fotki.com','1D7WxYjq','Celle','Veazey','832-627-4430','2021-09-05 00:00:00'),(195,'mgadeaux5e@sbwire.com','61bC7NxO','Meredith','Gadeaux','895-346-2330','2022-04-29 00:00:00'),(196,'ghowieson5f@cdbaby.com','Mz9HL3z','Gale','Howieson','911-221-6595','2021-10-21 00:00:00'),(197,'kramelet5g@icq.com','NDbWpcRDZ9eL','Kennett','Ramelet','512-237-0474','2022-03-16 00:00:00'),(198,'yloisi5h@cyberchimps.com','UOb0eJi5gO','Yulma','Loisi','454-384-2169','2022-04-28 00:00:00'),(199,'mstoakes5i@nature.com','OyzYyNg9Cx','Marabel','Stoakes','444-724-1347','2021-09-20 00:00:00'),(200,'crobb5j@wikispaces.com','m7NTGHeL9Z','Chev','Robb','763-673-6959','2021-05-05 00:00:00');
/*!40000 ALTER TABLE `useraccount` ENABLE KEYS */;
UNLOCK TABLES;


LOCK TABLES `jobtypes` WRITE;
/*!40000 ALTER TABLE `jobtypes` DISABLE KEYS */;
INSERT INTO `jobtypes` VALUES (1,'Virtual','2022-01-31 00:00:00'),(2,'Virtual','2021-11-16 00:00:00'),(3,'On-Site','2021-09-18 00:00:00'),(4,'Virtual','2021-06-27 00:00:00'),(5,'On-Site','2021-06-06 00:00:00'),(6,'Virtual','2022-03-30 00:00:00'),(7,'On-Site','2021-11-11 00:00:00'),(8,'On-Site','2021-12-27 00:00:00'),(9,'On-Site','2021-10-28 00:00:00'),(10,'On-Site','2021-11-20 00:00:00'),(11,'Virtual','2021-05-16 00:00:00'),(12,'On-Site','2022-05-01 00:00:00'),(13,'On-Site','2021-05-28 00:00:00'),(14,'On-Site','2021-06-18 00:00:00'),(15,'Virtual','2022-01-06 00:00:00'),(16,'Virtual','2021-08-01 00:00:00'),(17,'Virtual','2021-05-26 00:00:00'),(18,'On-Site','2021-08-21 00:00:00'),(19,'Virtual','2022-03-13 00:00:00'),(20,'On-Site','2021-11-21 00:00:00'),(21,'On-Site','2021-10-11 00:00:00'),(22,'On-Site','2021-06-02 00:00:00'),(23,'On-Site','2021-11-02 00:00:00'),(24,'On-Site','2021-08-20 00:00:00'),(25,'On-Site','2022-04-20 00:00:00'),(26,'Virtual','2021-10-13 00:00:00'),(27,'On-Site','2021-09-07 00:00:00'),(28,'On-Site','2021-07-17 00:00:00'),(29,'Virtual','2021-12-06 00:00:00'),(30,'On-Site','2021-09-30 00:00:00'),(31,'On-Site','2021-09-05 00:00:00'),(32,'Virtual','2021-05-11 00:00:00'),(33,'Virtual','2021-11-06 00:00:00'),(34,'On-Site','2021-06-14 00:00:00'),(35,'On-Site','2021-10-03 00:00:00'),(36,'Virtual','2021-09-19 00:00:00'),(37,'On-Site','2021-06-30 00:00:00'),(38,'On-Site','2021-12-22 00:00:00'),(39,'Virtual','2021-05-28 00:00:00'),(40,'On-Site','2021-05-28 00:00:00'),(41,'Virtual','2021-07-13 00:00:00'),(42,'On-Site','2022-01-14 00:00:00'),(43,'Virtual','2021-05-23 00:00:00'),(44,'Virtual','2021-12-28 00:00:00'),(45,'Virtual','2021-12-15 00:00:00'),(46,'On-Site','2021-05-26 00:00:00'),(47,'Virtual','2022-04-10 00:00:00'),(48,'Virtual','2021-12-07 00:00:00'),(49,'On-Site','2021-11-01 00:00:00'),(50,'Virtual','2021-07-29 00:00:00'),(51,'Virtual','2021-07-22 00:00:00'),(52,'Virtual','2022-01-31 00:00:00'),(53,'Virtual','2021-06-11 00:00:00'),(54,'Virtual','2022-02-14 00:00:00'),(55,'Virtual','2021-07-10 00:00:00'),(56,'On-Site','2021-05-31 00:00:00'),(57,'On-Site','2021-06-26 00:00:00'),(58,'On-Site','2021-12-01 00:00:00'),(59,'Virtual','2022-01-12 00:00:00'),(60,'Virtual','2021-11-15 00:00:00'),(61,'On-Site','2022-01-04 00:00:00'),(62,'On-Site','2021-06-24 00:00:00'),(63,'Virtual','2021-06-27 00:00:00'),(64,'Virtual','2022-01-17 00:00:00'),(65,'Virtual','2021-12-24 00:00:00'),(66,'Virtual','2022-02-21 00:00:00'),(67,'Virtual','2021-06-03 00:00:00'),(68,'Virtual','2021-06-17 00:00:00'),(69,'Virtual','2021-06-30 00:00:00'),(70,'On-Site','2021-09-01 00:00:00'),(71,'Virtual','2021-12-05 00:00:00'),(72,'Virtual','2021-06-01 00:00:00'),(73,'On-Site','2021-12-21 00:00:00'),(74,'On-Site','2021-11-27 00:00:00'),(75,'On-Site','2022-02-17 00:00:00'),(76,'On-Site','2022-02-04 00:00:00'),(77,'Virtual','2021-08-22 00:00:00'),(78,'Virtual','2022-04-19 00:00:00'),(79,'Virtual','2022-05-02 00:00:00'),(80,'Virtual','2021-06-04 00:00:00'),(81,'Virtual','2022-03-17 00:00:00'),(82,'Virtual','2022-04-25 00:00:00'),(83,'On-Site','2021-12-25 00:00:00'),(84,'On-Site','2022-02-09 00:00:00'),(85,'Virtual','2021-12-06 00:00:00'),(86,'Virtual','2021-05-25 00:00:00'),(87,'Virtual','2022-03-18 00:00:00'),(88,'On-Site','2021-05-19 00:00:00'),(89,'On-Site','2021-11-20 00:00:00'),(90,'On-Site','2021-08-26 00:00:00'),(91,'Virtual','2022-04-19 00:00:00'),(92,'Virtual','2021-08-07 00:00:00'),(93,'Virtual','2021-10-05 00:00:00'),(94,'Virtual','2022-02-22 00:00:00'),(95,'Virtual','2022-04-30 00:00:00'),(96,'On-Site','2021-11-17 00:00:00'),(97,'Virtual','2021-12-31 00:00:00'),(98,'Virtual','2021-07-08 00:00:00'),(99,'On-Site','2021-08-22 00:00:00'),(100,'Virtual','2022-03-05 00:00:00'),(101,'Virtual','2022-04-17 00:00:00'),(102,'Virtual','2021-06-02 00:00:00'),(103,'On-Site','2021-10-03 00:00:00'),(104,'On-Site','2021-05-08 00:00:00'),(105,'Virtual','2021-11-04 00:00:00'),(106,'Virtual','2021-09-02 00:00:00'),(107,'Virtual','2022-01-13 00:00:00'),(108,'Virtual','2021-12-01 00:00:00'),(109,'On-Site','2022-02-27 00:00:00'),(110,'On-Site','2022-01-03 00:00:00'),(111,'Virtual','2022-01-21 00:00:00'),(112,'On-Site','2021-10-19 00:00:00'),(113,'Virtual','2021-10-03 00:00:00'),(114,'Virtual','2022-03-30 00:00:00'),(115,'On-Site','2021-06-09 00:00:00'),(116,'Virtual','2021-08-11 00:00:00'),(117,'Virtual','2021-10-21 00:00:00'),(118,'Virtual','2022-04-25 00:00:00'),(119,'Virtual','2021-10-20 00:00:00'),(120,'On-Site','2021-07-08 00:00:00'),(121,'Virtual','2022-03-04 00:00:00'),(122,'On-Site','2021-07-31 00:00:00'),(123,'Virtual','2021-05-05 00:00:00'),(124,'Virtual','2021-10-20 00:00:00'),(125,'Virtual','2021-10-30 00:00:00'),(126,'On-Site','2021-12-30 00:00:00'),(127,'Virtual','2021-06-22 00:00:00'),(128,'Virtual','2022-03-17 00:00:00'),(129,'Virtual','2021-08-31 00:00:00'),(130,'On-Site','2021-12-07 00:00:00'),(131,'Virtual','2021-08-10 00:00:00'),(132,'Virtual','2021-10-03 00:00:00'),(133,'Virtual','2022-01-24 00:00:00'),(134,'On-Site','2021-12-27 00:00:00'),(135,'On-Site','2021-11-12 00:00:00'),(136,'Virtual','2021-10-08 00:00:00'),(137,'On-Site','2021-09-16 00:00:00'),(138,'Virtual','2022-01-30 00:00:00'),(139,'On-Site','2022-03-27 00:00:00'),(140,'Virtual','2021-12-27 00:00:00'),(141,'Virtual','2021-05-20 00:00:00'),(142,'Virtual','2021-06-16 00:00:00'),(143,'On-Site','2021-09-14 00:00:00'),(144,'On-Site','2021-12-28 00:00:00'),(145,'Virtual','2022-01-04 00:00:00'),(146,'Virtual','2022-04-23 00:00:00'),(147,'On-Site','2021-06-07 00:00:00'),(148,'On-Site','2021-09-05 00:00:00'),(149,'Virtual','2021-10-24 00:00:00'),(150,'On-Site','2021-07-11 00:00:00'),(151,'Virtual','2022-02-10 00:00:00'),(152,'On-Site','2022-01-23 00:00:00'),(153,'On-Site','2022-01-03 00:00:00'),(154,'On-Site','2022-04-23 00:00:00'),(155,'On-Site','2021-09-06 00:00:00'),(156,'On-Site','2021-05-12 00:00:00'),(157,'Virtual','2022-02-15 00:00:00'),(158,'Virtual','2022-02-27 00:00:00'),(159,'Virtual','2022-01-27 00:00:00'),(160,'On-Site','2021-06-18 00:00:00'),(161,'On-Site','2021-08-07 00:00:00'),(162,'Virtual','2021-05-11 00:00:00'),(163,'Virtual','2022-01-05 00:00:00'),(164,'On-Site','2021-12-23 00:00:00'),(165,'On-Site','2021-09-28 00:00:00'),(166,'Virtual','2021-07-15 00:00:00'),(167,'On-Site','2021-11-24 00:00:00'),(168,'Virtual','2021-09-23 00:00:00'),(169,'On-Site','2021-05-07 00:00:00'),(170,'Virtual','2021-06-02 00:00:00'),(171,'On-Site','2021-10-23 00:00:00'),(172,'On-Site','2021-05-11 00:00:00'),(173,'Virtual','2022-02-03 00:00:00'),(174,'Virtual','2021-11-29 00:00:00'),(175,'Virtual','2021-08-26 00:00:00'),(176,'On-Site','2021-07-18 00:00:00'),(177,'Virtual','2021-05-11 00:00:00'),(178,'Virtual','2022-01-16 00:00:00'),(179,'On-Site','2021-12-09 00:00:00'),(180,'On-Site','2021-09-19 00:00:00'),(181,'On-Site','2021-10-18 00:00:00'),(182,'On-Site','2021-08-23 00:00:00'),(183,'On-Site','2022-03-27 00:00:00'),(184,'On-Site','2022-01-11 00:00:00'),(185,'Virtual','2022-01-11 00:00:00'),(186,'On-Site','2022-03-21 00:00:00'),(187,'Virtual','2022-01-28 00:00:00'),(188,'On-Site','2022-03-26 00:00:00'),(189,'On-Site','2022-03-15 00:00:00'),(190,'On-Site','2022-01-28 00:00:00'),(191,'On-Site','2021-07-03 00:00:00'),(192,'On-Site','2022-03-12 00:00:00'),(193,'Virtual','2021-08-21 00:00:00'),(194,'Virtual','2021-09-10 00:00:00'),(195,'Virtual','2021-06-02 00:00:00'),(196,'Virtual','2021-10-06 00:00:00'),(197,'On-Site','2022-04-29 00:00:00'),(198,'Virtual','2021-09-14 00:00:00'),(199,'Virtual','2021-10-14 00:00:00'),(200,'On-Site','2022-03-27 00:00:00');
/*!40000 ALTER TABLE `jobtypes` ENABLE KEYS */;
UNLOCK TABLES;


LOCK TABLES `experiencerequired` WRITE;
/*!40000 ALTER TABLE `experiencerequired` DISABLE KEYS */;
INSERT INTO `experiencerequired` VALUES (1,'Experienced','2022-03-01 00:00:00'),(2,'Experienced','2021-08-09 00:00:00'),(3,'Some experience','2021-12-14 00:00:00'),(4,'No experience','2021-11-19 00:00:00'),(5,'No experience','2021-11-23 00:00:00'),(6,'Some experience','2021-06-18 00:00:00'),(7,'Experienced','2021-08-31 00:00:00'),(8,'Experienced','2021-09-04 00:00:00'),(9,'Experienced','2022-03-21 00:00:00'),(10,'Experienced','2021-05-04 00:00:00'),(11,'No experience','2022-02-15 00:00:00'),(12,'Some experience','2021-12-03 00:00:00'),(13,'Some experience','2021-12-21 00:00:00'),(14,'No experience','2022-01-22 00:00:00'),(15,'Some experience','2021-06-08 00:00:00'),(16,'No experience','2021-06-21 00:00:00'),(17,'Some experience','2021-08-22 00:00:00'),(18,'Some experience','2022-03-24 00:00:00'),(19,'No experience','2021-11-23 00:00:00'),(20,'No experience','2021-06-22 00:00:00'),(21,'Some experience','2022-01-14 00:00:00'),(22,'Experienced','2021-05-17 00:00:00'),(23,'Experienced','2021-08-22 00:00:00'),(24,'Experienced','2021-06-20 00:00:00'),(25,'Experienced','2022-02-05 00:00:00'),(26,'No experience','2021-05-31 00:00:00'),(27,'Experienced','2021-11-23 00:00:00'),(28,'No experience','2021-05-13 00:00:00'),(29,'Some experience','2021-10-21 00:00:00'),(30,'Some experience','2021-05-04 00:00:00'),(31,'No experience','2022-02-13 00:00:00'),(32,'No experience','2021-11-04 00:00:00'),(33,'Experienced','2022-04-04 00:00:00'),(34,'Experienced','2022-03-14 00:00:00'),(35,'No experience','2022-03-16 00:00:00'),(36,'Some experience','2022-04-11 00:00:00'),(37,'Some experience','2021-07-24 00:00:00'),(38,'No experience','2021-11-11 00:00:00'),(39,'No experience','2022-03-15 00:00:00'),(40,'No experience','2021-09-27 00:00:00'),(41,'Some experience','2021-08-26 00:00:00'),(42,'Some experience','2022-02-16 00:00:00'),(43,'No experience','2021-06-18 00:00:00'),(44,'No experience','2021-05-28 00:00:00'),(45,'Some experience','2021-05-30 00:00:00'),(46,'Some experience','2022-04-24 00:00:00'),(47,'Experienced','2021-11-09 00:00:00'),(48,'Some experience','2021-08-21 00:00:00'),(49,'Experienced','2021-09-22 00:00:00'),(50,'Experienced','2021-09-12 00:00:00'),(51,'No experience','2022-01-22 00:00:00'),(52,'Experienced','2021-06-24 00:00:00'),(53,'Some experience','2021-06-11 00:00:00'),(54,'Some experience','2021-12-09 00:00:00'),(55,'Experienced','2022-04-07 00:00:00'),(56,'No experience','2022-01-30 00:00:00'),(57,'Experienced','2021-07-04 00:00:00'),(58,'No experience','2021-12-09 00:00:00'),(59,'Experienced','2022-04-11 00:00:00'),(60,'Some experience','2021-10-19 00:00:00'),(61,'No experience','2021-08-23 00:00:00'),(62,'No experience','2022-03-02 00:00:00'),(63,'No experience','2021-10-27 00:00:00'),(64,'No experience','2021-12-06 00:00:00'),(65,'No experience','2022-04-23 00:00:00'),(66,'Some experience','2021-05-31 00:00:00'),(67,'Experienced','2022-01-26 00:00:00'),(68,'Experienced','2022-02-26 00:00:00'),(69,'Some experience','2022-04-03 00:00:00'),(70,'No experience','2021-09-01 00:00:00'),(71,'Some experience','2022-03-05 00:00:00'),(72,'Some experience','2021-09-12 00:00:00'),(73,'Some experience','2021-10-01 00:00:00'),(74,'No experience','2021-11-30 00:00:00'),(75,'Some experience','2021-06-04 00:00:00'),(76,'Experienced','2021-08-06 00:00:00'),(77,'No experience','2022-01-19 00:00:00'),(78,'Some experience','2021-05-18 00:00:00'),(79,'Some experience','2022-02-02 00:00:00'),(80,'Experienced','2021-06-15 00:00:00'),(81,'Experienced','2022-01-23 00:00:00'),(82,'Some experience','2021-10-17 00:00:00'),(83,'No experience','2021-09-09 00:00:00'),(84,'No experience','2021-05-28 00:00:00'),(85,'Some experience','2021-12-14 00:00:00'),(86,'No experience','2022-03-30 00:00:00'),(87,'Experienced','2021-11-26 00:00:00'),(88,'Some experience','2022-02-03 00:00:00'),(89,'No experience','2021-06-10 00:00:00'),(90,'Some experience','2021-11-06 00:00:00'),(91,'Some experience','2021-08-28 00:00:00'),(92,'No experience','2021-06-14 00:00:00'),(93,'Some experience','2021-08-29 00:00:00'),(94,'No experience','2021-07-05 00:00:00'),(95,'No experience','2022-02-07 00:00:00'),(96,'No experience','2022-02-06 00:00:00'),(97,'Experienced','2021-09-04 00:00:00'),(98,'Some experience','2021-09-11 00:00:00'),(99,'Experienced','2021-06-17 00:00:00'),(100,'Experienced','2022-04-30 00:00:00'),(101,'Some experience','2021-05-18 00:00:00'),(102,'Experienced','2021-12-29 00:00:00'),(103,'Some experience','2022-04-08 00:00:00'),(104,'Experienced','2021-10-31 00:00:00'),(105,'Experienced','2021-08-23 00:00:00'),(106,'Some experience','2021-06-25 00:00:00'),(107,'Some experience','2021-07-22 00:00:00'),(108,'Experienced','2021-06-10 00:00:00'),(109,'Some experience','2021-07-22 00:00:00'),(110,'No experience','2021-07-20 00:00:00'),(111,'Some experience','2021-06-09 00:00:00'),(112,'Some experience','2022-04-27 00:00:00'),(113,'Experienced','2021-06-14 00:00:00'),(114,'No experience','2021-12-15 00:00:00'),(115,'Some experience','2021-11-03 00:00:00'),(116,'Some experience','2021-05-20 00:00:00'),(117,'Experienced','2021-09-10 00:00:00'),(118,'Some experience','2022-01-30 00:00:00'),(119,'Experienced','2021-05-03 00:00:00'),(120,'Experienced','2021-08-16 00:00:00'),(121,'Experienced','2021-09-07 00:00:00'),(122,'Experienced','2021-05-16 00:00:00'),(123,'Some experience','2021-06-12 00:00:00'),(124,'Some experience','2022-02-12 00:00:00'),(125,'Some experience','2022-02-21 00:00:00'),(126,'No experience','2022-02-24 00:00:00'),(127,'No experience','2021-08-01 00:00:00'),(128,'No experience','2021-08-22 00:00:00'),(129,'Experienced','2021-10-27 00:00:00'),(130,'No experience','2021-12-01 00:00:00'),(131,'No experience','2022-03-27 00:00:00'),(132,'Experienced','2021-09-07 00:00:00'),(133,'No experience','2021-09-19 00:00:00'),(134,'No experience','2021-12-10 00:00:00'),(135,'Experienced','2022-04-08 00:00:00'),(136,'No experience','2021-07-03 00:00:00'),(137,'No experience','2021-08-04 00:00:00'),(138,'Some experience','2022-01-03 00:00:00'),(139,'Some experience','2021-05-08 00:00:00'),(140,'Some experience','2022-01-07 00:00:00'),(141,'Some experience','2021-11-19 00:00:00'),(142,'Experienced','2021-10-26 00:00:00'),(143,'No experience','2022-03-11 00:00:00'),(144,'Experienced','2022-01-29 00:00:00'),(145,'Experienced','2021-12-22 00:00:00'),(146,'Some experience','2021-07-06 00:00:00'),(147,'Experienced','2021-09-25 00:00:00'),(148,'Some experience','2021-05-20 00:00:00'),(149,'Experienced','2022-05-02 00:00:00'),(150,'No experience','2021-09-21 00:00:00'),(151,'Experienced','2021-12-24 00:00:00'),(152,'No experience','2022-02-06 00:00:00'),(153,'Some experience','2021-10-16 00:00:00'),(154,'No experience','2022-02-21 00:00:00'),(155,'No experience','2022-02-27 00:00:00'),(156,'Experienced','2022-02-27 00:00:00'),(157,'Experienced','2022-01-03 00:00:00'),(158,'Some experience','2022-02-27 00:00:00'),(159,'No experience','2021-12-18 00:00:00'),(160,'Experienced','2022-02-17 00:00:00'),(161,'Experienced','2022-02-17 00:00:00'),(162,'Some experience','2021-09-01 00:00:00'),(163,'No experience','2021-09-27 00:00:00'),(164,'Experienced','2021-10-07 00:00:00'),(165,'Experienced','2021-06-04 00:00:00'),(166,'Experienced','2021-12-22 00:00:00'),(167,'No experience','2022-01-13 00:00:00'),(168,'Experienced','2021-10-15 00:00:00'),(169,'No experience','2021-08-14 00:00:00'),(170,'Experienced','2021-09-06 00:00:00'),(171,'Experienced','2022-04-11 00:00:00'),(172,'No experience','2021-07-20 00:00:00'),(173,'Experienced','2021-05-15 00:00:00'),(174,'No experience','2021-06-03 00:00:00'),(175,'Some experience','2021-07-29 00:00:00'),(176,'No experience','2021-06-18 00:00:00'),(177,'No experience','2021-07-15 00:00:00'),(178,'Experienced','2021-12-11 00:00:00'),(179,'No experience','2021-11-29 00:00:00'),(180,'No experience','2021-07-07 00:00:00'),(181,'Experienced','2021-12-03 00:00:00'),(182,'Some experience','2021-10-20 00:00:00'),(183,'Some experience','2021-12-23 00:00:00'),(184,'Experienced','2022-01-10 00:00:00'),(185,'Experienced','2021-11-14 00:00:00'),(186,'No experience','2021-07-08 00:00:00'),(187,'Some experience','2022-02-18 00:00:00'),(188,'Experienced','2021-11-10 00:00:00'),(189,'Experienced','2022-02-20 00:00:00'),(190,'Experienced','2021-11-02 00:00:00'),(191,'Some experience','2021-05-30 00:00:00'),(192,'No experience','2021-05-21 00:00:00'),(193,'No experience','2021-06-16 00:00:00'),(194,'Some experience','2021-06-01 00:00:00'),(195,'No experience','2021-08-05 00:00:00'),(196,'No experience','2022-03-01 00:00:00'),(197,'Experienced','2021-10-02 00:00:00'),(198,'Experienced','2022-02-15 00:00:00'),(199,'Some experience','2021-10-05 00:00:00'),(200,'Some experience','2022-01-02 00:00:00');
/*!40000 ALTER TABLE `experiencerequired` ENABLE KEYS */;
UNLOCK TABLES;


LOCK TABLES `zipcodes` WRITE;
/*!40000 ALTER TABLE `zipcodes` DISABLE KEYS */;
INSERT INTO `zipcodes` VALUES ('00214','Portsmouth','New Hampshire','2021-12-01 08:00:00'),('01105','Springfield','Massachusetts','2022-01-06 08:00:00'),('01880','New Haven','Connecticut','2022-02-04 08:00:00'),('02114','Boston','Massachusetts','2021-12-11 08:00:00'),('02405','Brockton','Massachusetts','2021-06-29 07:00:00'),('02453','Waltham','Massachusetts','2021-12-19 08:00:00'),('02472','Watertown','Massachusetts','2021-05-10 07:00:00'),('06140','Hartford','Connecticut','2021-10-10 07:00:00'),('06726','Waterbury','Connecticut','2021-12-20 08:00:00'),('06859','Norwalk','Connecticut','2021-10-27 07:00:00'),('07104','Newark','New Jersey','2021-07-12 07:00:00'),('07112','Newark','New Jersey','2021-05-18 07:00:00'),('07188','Newark','New Jersey','2022-01-03 08:00:00'),('10029','New York City','New York','2021-12-16 08:00:00'),('10045','New York City','New York','2021-10-23 07:00:00'),('10305','Staten Island','New York','2022-03-08 08:00:00'),('10310','Staten Island','New York','2021-12-27 08:00:00'),('10464','Bronx','New York','2021-11-03 07:00:00'),('10705','Yonkers','New York','2021-09-16 07:00:00'),('11480','Jamaica','New York','2021-12-03 08:00:00'),('11550','Omaha','Nebraska','2021-06-16 07:00:00'),('14646','Rochester','New York','2021-12-08 08:00:00'),('14652','Rochester','New York','2022-01-19 08:00:00'),('15108','Cedar Rapids','Iowa','2021-12-16 08:00:00'),('18514','Scranton','Pennsylvania','2022-03-29 07:00:00'),('19160','Philadelphia','Pennsylvania','2021-12-30 08:00:00'),('19725','Newark','Delaware','2021-07-28 07:00:00'),('20057','Washington','District of Columbia','2021-05-06 07:00:00'),('20078','Washington','District of Columbia','2021-11-25 08:00:00'),('20260','Washington','District of Columbia','2022-01-29 08:00:00'),('20392','Washington','District of Columbia','2021-05-10 07:00:00'),('20456','Washington','District of Columbia','2021-12-11 08:00:00'),('20525','Washington','District of Columbia','2021-06-06 07:00:00'),('20535','Washington','District of Columbia','2021-05-05 07:00:00'),('20546','Washington','District of Columbia','2021-11-18 08:00:00'),('20892','Bethesda','Maryland','2022-03-31 07:00:00'),('20918','Silver Spring','Maryland','2021-05-16 07:00:00'),('21290','Baltimore','Maryland','2022-01-19 08:00:00'),('21405','Annapolis','Maryland','2021-07-04 07:00:00'),('22244','Arlington','Virginia','2021-05-31 07:00:00'),('22301','Alexandria','Virginia','2022-01-05 08:00:00'),('22405','Austin','Texas','2021-05-09 07:00:00'),('23203','Richmond','Virginia','2021-06-28 07:00:00'),('23272','Richmond','Virginia','2021-09-10 07:00:00'),('23454','Virginia Beach','Virginia','2021-05-04 07:00:00'),('23668','Hampton','Virginia','2022-03-20 07:00:00'),('25389','Charleston','West Virginia','2021-08-09 07:00:00'),('26505','Morgantown','West Virginia','2021-05-25 07:00:00'),('27150','Winston Salem','North Carolina','2021-06-25 07:00:00'),('27264','High Point','North Carolina','2022-01-09 08:00:00'),('27615','Raleigh','North Carolina','2021-10-23 07:00:00'),('28055','Gastonia','North Carolina','2022-02-05 08:00:00'),('28314','Fayetteville','North Carolina','2021-11-23 08:00:00'),('29203','Columbia','South Carolina','2021-08-31 07:00:00'),('29301','Denver','Colorado','2022-04-17 07:00:00'),('29403','Charleston','South Carolina','2021-10-17 07:00:00'),('29416','Charleston','South Carolina','2021-07-05 07:00:00'),('29424','Charleston','South Carolina','2021-09-03 07:00:00'),('29505','Florence','South Carolina','2022-01-31 08:00:00'),('29805','Aiken','South Carolina','2021-09-27 07:00:00'),('30022','Alpharetta','Georgia','2021-09-07 07:00:00'),('30092','Norcross','Georgia','2022-02-21 08:00:00'),('30130','Cumming','Georgia','2021-12-22 08:00:00'),('30245','Lawrenceville','Georgia','2022-04-17 07:00:00'),('30340','Atlanta','Georgia','2021-05-07 07:00:00'),('31196','Atlanta','Georgia','2021-09-07 07:00:00'),('31914','Columbus','Georgia','2021-09-24 07:00:00'),('32204','Jacksonville','Florida','2022-03-26 07:00:00'),('32255','Jacksonville','Florida','2021-07-31 07:00:00'),('32399','Tallahassee','Florida','2022-01-10 08:00:00'),('32412','Panama City','Florida','2021-05-29 07:00:00'),('32526','Pensacola','Florida','2021-06-25 07:00:00'),('32714','Lexington','Kentucky','2022-03-20 07:00:00'),('32819','Orlando','Florida','2021-09-23 07:00:00'),('32854','Orlando','Florida','2022-04-07 07:00:00'),('33111','Miami','Florida','2022-01-30 08:00:00'),('33185','Miami','Florida','2022-01-23 08:00:00'),('33190','Miami','Florida','2021-09-06 07:00:00'),('33421','West Palm Beach','Florida','2021-12-31 08:00:00'),('33615','Tampa','Florida','2021-10-14 07:00:00'),('33777','Largo','Florida','2021-06-17 07:00:00'),('33884','Winter Haven','Florida','2021-10-31 07:00:00'),('33961','Naples','Florida','2022-04-16 07:00:00'),('34981','Fort Pierce','Florida','2021-12-31 08:00:00'),('35215','Birmingham','Alabama','2022-01-10 08:00:00'),('35905','Gadsden','Alabama','2021-06-04 07:00:00'),('37205','Nashville','Tennessee','2022-01-19 08:00:00'),('37240','Nashville','Tennessee','2021-12-09 08:00:00'),('37605','Johnson City','Tennessee','2021-07-03 07:00:00'),('37665','Kingsport','Tennessee','2022-03-14 07:00:00'),('38119','Memphis','Tennessee','2022-01-17 08:00:00'),('38126','Memphis','Tennessee','2021-09-28 07:00:00'),('38197','Memphis','Tennessee','2021-08-04 07:00:00'),('39282','Jackson','Mississippi','2021-05-12 07:00:00'),('39404','Hattiesburg','Mississippi','2021-08-20 07:00:00'),('40233','Louisville','Kentucky','2021-11-18 08:00:00'),('40586','Lexington','Kentucky','2021-07-21 07:00:00'),('43605','Toledo','Ohio','2022-02-20 08:00:00'),('44125','Cleveland','Ohio','2021-08-29 07:00:00'),('44177','Cleveland','Ohio','2022-04-22 07:00:00'),('44393','Akron','Ohio','2021-08-30 07:00:00'),('44485','Warren','Ohio','2022-02-02 08:00:00'),('44555','Youngstown','Ohio','2021-08-04 07:00:00'),('46221','Indianapolis','Indiana','2021-05-06 07:00:00'),('46544','Wilmington','North Carolina','2021-09-16 07:00:00'),('46805','Fort Wayne','Indiana','2021-07-02 07:00:00'),('48076','Southfield','Michigan','2021-11-25 08:00:00'),('48919','Lansing','Michigan','2022-03-08 08:00:00'),('48930','Lansing','Michigan','2022-03-12 08:00:00'),('48956','Lansing','Michigan','2021-11-01 07:00:00'),('49444','Muskegon','Michigan','2022-03-10 08:00:00'),('49510','Grand Rapids','Michigan','2022-03-01 08:00:00'),('49560','Grand Rapids','Michigan','2021-08-14 07:00:00'),('52809','Davenport','Iowa','2021-07-22 07:00:00'),('53277','Milwaukee','Wisconsin','2021-10-09 07:00:00'),('55123','Saint Paul','Minnesota','2021-07-05 07:00:00'),('55127','Saint Paul','Minnesota','2022-04-12 07:00:00'),('55423','Minneapolis','Minnesota','2021-09-07 07:00:00'),('55428','Minneapolis','Minnesota','2021-11-23 08:00:00'),('55458','Minneapolis','Minnesota','2021-06-01 07:00:00'),('55585','Monticello','Minnesota','2021-11-23 08:00:00'),('55905','Rochester','Minnesota','2021-08-05 07:00:00'),('57193','Sioux Falls','South Dakota','2022-04-03 07:00:00'),('60567','Naperville','Illinois','2021-12-31 08:00:00'),('61614','Peoria','Illinois','2021-12-21 08:00:00'),('64054','Independence','Missouri','2021-09-26 07:00:00'),('64179','Kansas City','Missouri','2021-07-22 07:00:00'),('64199','Kansas City','Missouri','2021-07-10 07:00:00'),('66112','Kansas City','Kansas','2021-05-26 07:00:00'),('66699','Topeka','Kansas','2021-06-28 07:00:00'),('68105','Omaha','Nebraska','2021-07-14 07:00:00'),('70001','Durham','North Carolina','2022-01-31 08:00:00'),('72199','North Little Rock','Arkansas','2021-06-03 07:00:00'),('72215','Little Rock','Arkansas','2021-07-23 07:00:00'),('72222','Little Rock','Arkansas','2022-01-18 08:00:00'),('73034','Edmond','Oklahoma','2021-08-04 07:00:00'),('73167','Oklahoma City','Oklahoma','2022-03-22 07:00:00'),('73197','Oklahoma City','Oklahoma','2022-01-15 08:00:00'),('74103','Tulsa','Oklahoma','2022-03-04 08:00:00'),('74149','Tulsa','Oklahoma','2022-01-22 08:00:00'),('75231','Dallas','Texas','2021-09-27 07:00:00'),('75287','Dallas','Texas','2022-04-14 07:00:00'),('75310','Dallas','Texas','2021-12-30 08:00:00'),('75353','Dallas','Texas','2022-01-31 08:00:00'),('75358','Dallas','Texas','2021-08-22 07:00:00'),('75799','Tyler','Texas','2021-11-24 08:00:00'),('76198','Fort Worth','Texas','2022-01-22 08:00:00'),('76796','Waco','Texas','2022-01-02 08:00:00'),('77234','Houston','Texas','2022-05-01 07:00:00'),('77240','Houston','Texas','2021-09-12 07:00:00'),('77260','Houston','Texas','2022-02-22 08:00:00'),('77288','Houston','Texas','2021-07-26 07:00:00'),('77705','Beaumont','Texas','2021-12-03 08:00:00'),('78205','San Antonio','Texas','2021-12-02 08:00:00'),('78210','San Antonio','Texas','2021-08-28 07:00:00'),('78415','Corpus Christi','Texas','2021-10-24 07:00:00'),('78703','Austin','Texas','2021-07-13 07:00:00'),('78721','Austin','Texas','2022-04-23 07:00:00'),('78759','Austin','Texas','2022-03-24 07:00:00'),('78769','Austin','Texas','2021-11-27 08:00:00'),('79159','Amarillo','Texas','2021-10-11 07:00:00'),('79165','Amarillo','Texas','2021-12-20 08:00:00'),('79188','Amarillo','Texas','2021-09-29 07:00:00'),('79934','El Paso','Texas','2021-08-09 07:00:00'),('80045','Aurora','Colorado','2021-11-21 08:00:00'),('80217','Denver','Colorado','2021-08-08 07:00:00'),('80228','Denver','Colorado','2022-03-11 08:00:00'),('80305','Boulder','Colorado','2022-03-31 07:00:00'),('80328','Boulder','Colorado','2022-01-16 08:00:00'),('80920','Colorado Springs','Colorado','2022-02-02 08:00:00'),('80951','Colorado Springs','Colorado','2021-12-26 08:00:00'),('82007','Cheyenne','Wyoming','2022-02-02 08:00:00'),('84110','Salt Lake City','Utah','2021-11-21 08:00:00'),('84152','Salt Lake City','Utah','2021-07-30 07:00:00'),('84199','Salt Lake City','Utah','2021-12-13 08:00:00'),('84605','Provo','Utah','2021-10-09 07:00:00'),('85271','Scottsdale','Arizona','2021-08-22 07:00:00'),('88546','El Paso','Texas','2022-02-22 08:00:00'),('88579','El Paso','Texas','2021-07-12 07:00:00'),('89510','Reno','Nevada','2022-03-27 07:00:00'),('89706','Carson City','Nevada','2021-10-17 07:00:00'),('89714','Carson City','Nevada','2022-01-10 08:00:00'),('90050','Los Angeles','California','2021-11-30 08:00:00'),('90065','Los Angeles','California','2022-04-16 07:00:00'),('91186','Pasadena','California','2022-04-13 07:00:00'),('92137','San Diego','California','2022-03-22 07:00:00'),('93311','Bakersfield','California','2021-08-09 07:00:00'),('93704','Fresno','California','2021-05-16 07:00:00'),('93750','Fresno','California','2021-05-05 07:00:00'),('94110','San Francisco','California','2021-05-30 07:00:00'),('94126','San Francisco','California','2021-12-26 08:00:00'),('94286','Sacramento','California','2022-02-01 08:00:00'),('94611','Oakland','California','2021-10-28 07:00:00'),('94705','Berkeley','California','2021-12-09 08:00:00'),('95064','Santa Cruz','California','2021-09-24 07:00:00'),('95138','San Jose','California','2022-03-31 07:00:00'),('95205','Stockton','California','2022-01-13 08:00:00'),('95354','Modesto','California','2021-12-08 08:00:00'),('97206','Portland','Oregon','2021-05-18 07:00:00'),('97232','Portland','Oregon','2021-08-04 07:00:00'),('97405','Eugene','Oregon','2022-03-13 08:00:00'),('98158','Seattle','Washington','2021-09-04 07:00:00'),('98185','Seattle','Washington','2021-10-21 07:00:00'),('98405','Tacoma','Washington','2021-12-11 08:00:00');
/*!40000 ALTER TABLE `zipcodes` ENABLE KEYS */;
UNLOCK TABLES;
/*!40103 SET TIME_ZONE=@OLD_TIME_ZONE */;


LOCK TABLES `address` WRITE;
/*!40000 ALTER TABLE `address` DISABLE KEYS */;
INSERT INTO `address` VALUES (1,'22405','46546 Pearson Place','2021-06-05 00:00:00'),(2,'70001','6 Blackbird Alley','2021-09-03 00:00:00'),(3,'15108','6342 Merchant Point','2021-08-08 00:00:00'),(4,'46544','76 Bonner Court','2021-05-29 00:00:00'),(5,'29301','090 Morrow Way','2021-06-03 00:00:00'),(6,'11550','70628 Sunnyside Junction','2021-12-14 00:00:00'),(7,'29301','47253 Corry Park','2022-04-14 00:00:00'),(8,'32714','2 Ronald Regan Lane','2022-01-27 00:00:00'),(9,'01880','0770 Lyons Crossing','2021-12-09 00:00:00'),(10,'22405','99 Gale Park','2021-08-29 00:00:00'),(11,'70001','93649 Scofield Trail','2021-06-22 00:00:00'),(12,'15108','22195 Spohn Avenue','2021-10-07 00:00:00'),(13,'46544','4 Di Loreto Plaza','2021-12-15 00:00:00'),(14,'29301','8 Melby Court','2022-04-20 00:00:00'),(15,'11550','6440 Moland Crossing','2021-09-14 00:00:00'),(16,'29301','9 Maywood Lane','2021-05-10 00:00:00'),(17,'32714','10 Scoville Crossing','2021-05-07 00:00:00'),(18,'01880','0477 Corscot Circle','2022-03-22 00:00:00'),(19,'22405','265 Springview Park','2021-07-07 00:00:00'),(20,'70001','16195 Oriole Court','2022-01-31 00:00:00'),(21,'15108','557 Waubesa Alley','2022-04-04 00:00:00'),(22,'46544','28866 Independence Lane','2021-12-22 00:00:00'),(23,'29301','2 Rockefeller Road','2022-03-25 00:00:00'),(24,'11550','7615 Gateway Plaza','2022-01-18 00:00:00'),(25,'29301','93277 Paget Hill','2022-01-27 00:00:00'),(26,'32714','11181 Bunting Trail','2021-10-06 00:00:00'),(27,'01880','6679 Graedel Point','2021-08-18 00:00:00'),(28,'22405','0600 Hoffman Trail','2022-02-01 00:00:00'),(29,'70001','40436 John Wall Plaza','2021-09-07 00:00:00'),(30,'15108','4 Fairview Avenue','2022-02-04 00:00:00'),(31,'46544','053 Anhalt Pass','2021-07-18 00:00:00'),(32,'29301','1 Reinke Way','2021-11-12 00:00:00'),(33,'11550','34 Rigney Way','2021-11-29 00:00:00'),(34,'29301','649 Huxley Center','2021-07-24 00:00:00'),(35,'32714','601 Towne Circle','2022-03-02 00:00:00'),(36,'01880','8 Corscot Point','2021-05-13 00:00:00'),(37,'22405','10 Warrior Junction','2021-12-28 00:00:00'),(38,'70001','644 Loftsgordon Avenue','2021-05-30 00:00:00'),(39,'15108','4413 Victoria Parkway','2021-05-23 00:00:00'),(40,'46544','9344 Meadow Valley Plaza','2022-02-01 00:00:00'),(41,'29301','6533 Tennyson Lane','2021-07-11 00:00:00'),(42,'11550','57 Eliot Alley','2022-04-17 00:00:00'),(43,'29301','59107 1st Trail','2021-06-15 00:00:00'),(44,'32714','605 La Follette Place','2021-09-18 00:00:00'),(45,'01880','063 Manitowish Junction','2021-05-03 00:00:00'),(46,'22405','3968 Village Court','2021-12-28 00:00:00'),(47,'70001','473 Toban Terrace','2021-09-27 00:00:00'),(48,'15108','22817 Jay Circle','2021-07-08 00:00:00'),(49,'46544','882 Novick Lane','2021-08-10 00:00:00'),(50,'29301','2 Bartelt Lane','2022-01-31 00:00:00'),(51,'11550','24 Monica Lane','2021-12-23 00:00:00'),(52,'29301','7275 Sugar Center','2021-07-02 00:00:00'),(53,'32714','1 Buell Court','2021-08-11 00:00:00'),(54,'01880','7 Evergreen Center','2021-11-14 00:00:00'),(55,'22405','85865 Granby Plaza','2022-03-24 00:00:00'),(56,'70001','5 Judy Junction','2022-04-28 00:00:00'),(57,'15108','539 Commercial Terrace','2021-11-06 00:00:00'),(58,'46544','21234 Buell Place','2021-05-16 00:00:00'),(59,'29301','41809 Stone Corner Plaza','2022-04-08 00:00:00'),(60,'11550','13538 Muir Lane','2022-04-13 00:00:00'),(61,'29301','56890 Prentice Park','2021-12-03 00:00:00'),(62,'32714','23 Farragut Center','2021-08-07 00:00:00'),(63,'01880','25671 Summit Crossing','2022-01-01 00:00:00'),(64,'22405','83880 Mayfield Road','2022-03-19 00:00:00'),(65,'70001','2 Annamark Circle','2021-06-14 00:00:00'),(66,'15108','2164 Sutherland Parkway','2021-08-31 00:00:00'),(67,'46544','2 2nd Junction','2021-07-30 00:00:00'),(68,'29301','28 Division Drive','2021-10-17 00:00:00'),(69,'11550','6202 Coleman Court','2021-05-05 00:00:00'),(70,'29301','28194 Holmberg Plaza','2021-11-29 00:00:00'),(71,'32714','948 Walton Park','2022-03-10 00:00:00'),(72,'01880','83867 Lillian Hill','2022-01-27 00:00:00'),(73,'22405','9 7th Hill','2021-10-31 00:00:00'),(74,'70001','1 Crownhardt Trail','2021-09-24 00:00:00'),(75,'15108','466 Ryan Crossing','2022-02-05 00:00:00'),(76,'46544','07849 Reindahl Junction','2021-06-01 00:00:00'),(77,'29301','66494 Reindahl Way','2022-03-10 00:00:00'),(78,'11550','0 Granby Street','2021-12-05 00:00:00'),(79,'29301','6902 Valley Edge Drive','2022-01-08 00:00:00'),(80,'32714','30850 Manley Park','2021-12-02 00:00:00'),(81,'01880','684 Rowland Junction','2021-05-22 00:00:00'),(82,'22405','82848 Cambridge Crossing','2021-05-10 00:00:00'),(83,'70001','87 Spenser Court','2021-11-02 00:00:00'),(84,'15108','92897 Crownhardt Park','2021-06-18 00:00:00'),(85,'46544','26407 Westport Alley','2021-10-11 00:00:00'),(86,'29301','32 Kingsford Park','2021-10-21 00:00:00'),(87,'11550','117 Carberry Pass','2022-03-24 00:00:00'),(88,'29301','19 Oriole Terrace','2021-12-25 00:00:00'),(89,'32714','069 Mitchell Circle','2021-11-14 00:00:00'),(90,'01880','57 Straubel Circle','2021-08-30 00:00:00'),(91,'22405','4343 Center Plaza','2022-01-21 00:00:00'),(92,'70001','33 Daystar Hill','2021-09-01 00:00:00'),(93,'15108','29 Towne Road','2021-12-10 00:00:00'),(94,'46544','386 Lakewood Gardens Way','2022-03-12 00:00:00'),(95,'29301','50 Bartillon Park','2021-10-11 00:00:00'),(96,'11550','550 Vera Crossing','2021-07-09 00:00:00'),(97,'29301','153 Atwood Center','2021-07-14 00:00:00'),(98,'32714','1 Elgar Plaza','2022-01-31 00:00:00'),(99,'01880','58 Hauk Way','2021-08-25 00:00:00'),(100,'22405','246 Jana Center','2021-12-21 00:00:00'),(101,'70001','988 Maywood Trail','2022-03-25 00:00:00'),(102,'15108','9 Golf Road','2021-12-17 00:00:00'),(103,'46544','22 Schmedeman Crossing','2021-11-07 00:00:00'),(104,'29301','1 Bunting Place','2021-12-02 00:00:00'),(105,'11550','57613 Stoughton Court','2022-02-08 00:00:00'),(106,'29301','8501 Debs Alley','2022-02-25 00:00:00'),(107,'32714','13 Becker Hill','2021-09-29 00:00:00'),(108,'01880','49401 Mayfield Way','2021-05-03 00:00:00'),(109,'22405','9637 Anniversary Center','2021-11-29 00:00:00'),(110,'70001','82212 High Crossing Road','2021-10-13 00:00:00'),(111,'15108','5976 Kropf Trail','2021-09-10 00:00:00'),(112,'46544','4 Twin Pines Trail','2021-11-18 00:00:00'),(113,'29301','1 Anderson Plaza','2022-03-18 00:00:00'),(114,'11550','690 Westend Avenue','2021-05-30 00:00:00'),(115,'29301','42 Redwing Crossing','2021-05-10 00:00:00'),(116,'32714','08 Jana Terrace','2021-06-21 00:00:00'),(117,'01880','896 Truax Drive','2021-05-03 00:00:00'),(118,'22405','885 Quincy Crossing','2022-02-18 00:00:00'),(119,'70001','58 Swallow Hill','2021-07-20 00:00:00'),(120,'15108','385 Chive Terrace','2022-04-07 00:00:00'),(121,'46544','485 Eagan Alley','2022-03-10 00:00:00'),(122,'29301','4 Londonderry Parkway','2021-11-22 00:00:00'),(123,'11550','7404 Continental Circle','2021-07-19 00:00:00'),(124,'29301','7 Golf Course Circle','2021-09-15 00:00:00'),(125,'32714','732 Troy Parkway','2022-01-20 00:00:00'),(126,'01880','18662 Dryden Junction','2021-08-15 00:00:00'),(127,'22405','0 Novick Park','2021-05-06 00:00:00'),(128,'70001','025 Gale Point','2022-04-11 00:00:00'),(129,'15108','3242 Mockingbird Place','2021-12-14 00:00:00'),(130,'46544','061 Moulton Terrace','2021-11-09 00:00:00'),(131,'29301','0612 Pepper Wood Place','2021-10-04 00:00:00'),(132,'11550','29 Claremont Crossing','2021-07-07 00:00:00'),(133,'29301','2848 Declaration Road','2021-11-21 00:00:00'),(134,'32714','68936 Haas Place','2021-05-20 00:00:00'),(135,'01880','86 Orin Parkway','2021-08-19 00:00:00'),(136,'22405','741 Sachtjen Parkway','2021-08-14 00:00:00'),(137,'70001','775 Ludington Court','2022-03-21 00:00:00'),(138,'15108','1483 Westend Center','2021-09-01 00:00:00'),(139,'46544','3 Utah Center','2022-04-24 00:00:00'),(140,'29301','4 Elgar Crossing','2021-11-02 00:00:00'),(141,'11550','45 Katie Junction','2021-09-16 00:00:00'),(142,'29301','76 Leroy Parkway','2021-10-03 00:00:00'),(143,'32714','833 Rowland Trail','2022-04-23 00:00:00'),(144,'01880','0 Forest Run Alley','2021-07-07 00:00:00'),(145,'22405','53 Miller Terrace','2022-01-24 00:00:00'),(146,'70001','028 Monica Crossing','2022-03-08 00:00:00'),(147,'15108','050 Texas Court','2021-08-30 00:00:00'),(148,'46544','65 Waubesa Trail','2021-06-05 00:00:00'),(149,'29301','57 Carpenter Way','2022-01-31 00:00:00'),(150,'11550','8 Dovetail Street','2021-08-31 00:00:00'),(151,'29301','66 Charing Cross Junction','2022-01-20 00:00:00'),(152,'32714','41 Moland Trail','2022-01-10 00:00:00'),(153,'01880','9 Sutteridge Crossing','2021-05-14 00:00:00'),(154,'22405','07009 Clyde Gallagher Center','2021-09-10 00:00:00'),(155,'70001','824 Columbus Hill','2021-10-05 00:00:00'),(156,'15108','58091 Stone Corner Circle','2021-09-16 00:00:00'),(157,'46544','9863 Jenna Park','2021-06-03 00:00:00'),(158,'29301','094 Oak Alley','2021-08-21 00:00:00'),(159,'11550','584 Lawn Road','2021-08-02 00:00:00'),(160,'29301','05036 Brentwood Hill','2021-10-24 00:00:00'),(161,'32714','9472 Manitowish Place','2022-04-06 00:00:00'),(162,'01880','1886 New Castle Park','2021-08-24 00:00:00'),(163,'22405','9 Chinook Lane','2021-12-02 00:00:00'),(164,'70001','388 New Castle Alley','2021-11-03 00:00:00'),(165,'15108','0 Weeping Birch Way','2021-06-28 00:00:00'),(166,'46544','3753 Cordelia Court','2021-05-27 00:00:00'),(167,'29301','6996 Prairie Rose Terrace','2021-07-11 00:00:00'),(168,'11550','3958 Reinke Avenue','2022-03-01 00:00:00'),(169,'29301','96 Kenwood Lane','2022-01-03 00:00:00'),(170,'32714','6278 Bonner Junction','2022-04-15 00:00:00'),(171,'01880','9563 Sloan Avenue','2021-09-20 00:00:00'),(172,'22405','6065 Fremont Pass','2022-03-21 00:00:00'),(173,'70001','629 Anhalt Circle','2022-01-14 00:00:00'),(174,'15108','88427 Lindbergh Pass','2021-12-19 00:00:00'),(175,'46544','400 Corben Road','2022-05-02 00:00:00'),(176,'29301','73437 Pankratz Center','2022-04-03 00:00:00'),(177,'11550','4223 Grasskamp Place','2022-02-19 00:00:00'),(178,'29301','96 Fremont Way','2021-05-12 00:00:00'),(179,'32714','03374 Golden Leaf Terrace','2022-04-04 00:00:00'),(180,'01880','34532 Oak Drive','2021-12-28 00:00:00'),(181,'22405','74416 Randy Hill','2021-05-06 00:00:00'),(182,'70001','60013 Westport Way','2021-05-25 00:00:00'),(183,'15108','2 Di Loreto Center','2021-09-11 00:00:00'),(184,'46544','94766 Dapin Avenue','2021-07-08 00:00:00'),(185,'29301','3 Bartelt Point','2021-09-05 00:00:00'),(186,'11550','41 Loftsgordon Pass','2021-08-01 00:00:00'),(187,'29301','1 Monica Plaza','2021-09-01 00:00:00'),(188,'32714','4487 Harper Junction','2021-05-13 00:00:00'),(189,'01880','0606 Briar Crest Parkway','2021-10-22 00:00:00'),(190,'22405','8361 Hermina Parkway','2022-01-12 00:00:00'),(191,'70001','94314 Anthes Circle','2021-12-30 00:00:00'),(192,'15108','5667 Sloan Way','2022-02-08 00:00:00'),(193,'46544','45 Glendale Pass','2021-11-13 00:00:00'),(194,'29301','7737 Stang Park','2021-05-20 00:00:00'),(195,'11550','921 Garrison Drive','2021-06-08 00:00:00'),(196,'29301','69381 Haas Place','2021-10-05 00:00:00'),(197,'32714','6 3rd Parkway','2021-09-23 00:00:00'),(198,'01880','1 Dapin Terrace','2021-08-13 00:00:00'),(199,'22405','9324 Coolidge Drive','2022-01-28 00:00:00'),(200,'70001','263 Boyd Park','2021-07-27 00:00:00');
/*!40000 ALTER TABLE `address` ENABLE KEYS */;
UNLOCK TABLES;


LOCK TABLES `salaryrange` WRITE;
/*!40000 ALTER TABLE `salaryrange` DISABLE KEYS */;
INSERT INTO `salaryrange` VALUES (1,'$23.30','2021-07-02 00:00:00'),(2,'$22.58','2021-07-13 00:00:00'),(3,'$57.51','2021-07-29 00:00:00'),(4,'$24.66','2021-10-16 00:00:00'),(5,'$54.88','2021-05-14 00:00:00'),(6,'$40.11','2021-07-30 00:00:00'),(7,'$43.92','2021-05-31 00:00:00'),(8,'$31.00','2021-05-13 00:00:00'),(9,'$52.27','2021-07-11 00:00:00'),(10,'$23.41','2022-03-05 00:00:00'),(11,'$34.34','2022-04-16 00:00:00'),(12,'$54.13','2021-08-31 00:00:00'),(13,'$56.49','2021-11-12 00:00:00'),(14,'$48.47','2021-12-04 00:00:00'),(15,'$24.57','2021-08-03 00:00:00'),(16,'$17.12','2021-11-14 00:00:00'),(17,'$40.60','2021-10-10 00:00:00'),(18,'$23.41','2022-04-11 00:00:00'),(19,'$41.61','2021-06-16 00:00:00'),(20,'$53.41','2021-11-13 00:00:00'),(21,'$34.27','2021-12-11 00:00:00'),(22,'$23.42','2021-09-26 00:00:00'),(23,'$59.97','2021-12-10 00:00:00'),(24,'$31.93','2021-05-13 00:00:00'),(25,'$49.61','2022-03-21 00:00:00'),(26,'$53.23','2022-03-03 00:00:00'),(27,'$52.48','2021-10-12 00:00:00'),(28,'$44.47','2021-08-12 00:00:00'),(29,'$16.87','2021-06-27 00:00:00'),(30,'$32.21','2022-04-25 00:00:00'),(31,'$19.24','2021-05-21 00:00:00'),(32,'$33.47','2022-02-23 00:00:00'),(33,'$26.70','2022-02-18 00:00:00'),(34,'$46.05','2022-03-24 00:00:00'),(35,'$31.98','2022-04-16 00:00:00'),(36,'$38.04','2021-05-11 00:00:00'),(37,'$21.42','2021-06-15 00:00:00'),(38,'$38.89','2021-08-17 00:00:00'),(39,'$49.39','2021-11-03 00:00:00'),(40,'$59.75','2021-12-10 00:00:00'),(41,'$55.45','2021-06-14 00:00:00'),(42,'$21.33','2021-09-13 00:00:00'),(43,'$25.69','2021-06-30 00:00:00'),(44,'$27.32','2022-02-10 00:00:00'),(45,'$27.21','2022-05-01 00:00:00'),(46,'$23.67','2021-09-16 00:00:00'),(47,'$29.59','2021-06-24 00:00:00'),(48,'$27.88','2021-08-14 00:00:00'),(49,'$37.67','2022-03-26 00:00:00'),(50,'$48.11','2022-04-06 00:00:00'),(51,'$29.05','2022-02-20 00:00:00'),(52,'$34.86','2021-11-20 00:00:00'),(53,'$31.21','2021-05-27 00:00:00'),(54,'$53.70','2022-03-06 00:00:00'),(55,'$37.30','2022-04-06 00:00:00'),(56,'$17.34','2022-01-30 00:00:00'),(57,'$53.64','2021-11-20 00:00:00'),(58,'$49.24','2022-04-11 00:00:00'),(59,'$58.63','2021-05-11 00:00:00'),(60,'$29.89','2021-09-01 00:00:00'),(61,'$37.48','2022-01-06 00:00:00'),(62,'$57.22','2021-11-24 00:00:00'),(63,'$42.44','2021-08-17 00:00:00'),(64,'$27.02','2021-09-28 00:00:00'),(65,'$55.69','2021-12-23 00:00:00'),(66,'$47.06','2021-07-12 00:00:00'),(67,'$28.48','2022-03-23 00:00:00'),(68,'$42.10','2021-06-13 00:00:00'),(69,'$51.56','2022-04-25 00:00:00'),(70,'$44.26','2021-07-14 00:00:00'),(71,'$42.08','2021-12-26 00:00:00'),(72,'$57.91','2021-09-11 00:00:00'),(73,'$45.71','2021-06-16 00:00:00'),(74,'$46.74','2021-09-25 00:00:00'),(75,'$49.91','2021-06-12 00:00:00'),(76,'$58.20','2022-02-21 00:00:00'),(77,'$28.55','2021-06-21 00:00:00'),(78,'$50.74','2022-02-26 00:00:00'),(79,'$57.41','2021-11-27 00:00:00'),(80,'$52.59','2021-06-12 00:00:00'),(81,'$40.46','2021-10-25 00:00:00'),(82,'$21.54','2021-11-12 00:00:00'),(83,'$43.77','2021-08-21 00:00:00'),(84,'$57.22','2021-12-15 00:00:00'),(85,'$42.21','2021-06-07 00:00:00'),(86,'$16.40','2022-01-13 00:00:00'),(87,'$26.30','2021-12-29 00:00:00'),(88,'$26.09','2021-05-21 00:00:00'),(89,'$58.70','2021-10-01 00:00:00'),(90,'$47.21','2021-09-01 00:00:00'),(91,'$31.32','2022-03-08 00:00:00'),(92,'$59.97','2021-05-26 00:00:00'),(93,'$45.56','2022-04-24 00:00:00'),(94,'$29.65','2021-06-05 00:00:00'),(95,'$16.72','2021-06-24 00:00:00'),(96,'$17.01','2022-02-07 00:00:00'),(97,'$23.38','2021-10-30 00:00:00'),(98,'$30.39','2021-06-05 00:00:00'),(99,'$38.01','2021-07-29 00:00:00'),(100,'$55.75','2021-08-01 00:00:00'),(101,'$57.43','2021-08-24 00:00:00'),(102,'$31.00','2021-12-04 00:00:00'),(103,'$19.03','2022-03-09 00:00:00'),(104,'$31.29','2021-07-28 00:00:00'),(105,'$59.28','2021-08-13 00:00:00'),(106,'$18.05','2022-01-04 00:00:00'),(107,'$25.70','2022-02-18 00:00:00'),(108,'$56.63','2021-06-05 00:00:00'),(109,'$20.87','2021-12-03 00:00:00'),(110,'$37.73','2021-07-03 00:00:00'),(111,'$30.57','2021-12-30 00:00:00'),(112,'$59.34','2021-05-18 00:00:00'),(113,'$25.20','2022-03-31 00:00:00'),(114,'$16.59','2022-01-25 00:00:00'),(115,'$25.52','2021-11-02 00:00:00'),(116,'$28.36','2021-11-17 00:00:00'),(117,'$41.33','2021-07-01 00:00:00'),(118,'$22.81','2022-04-13 00:00:00'),(119,'$28.59','2021-12-31 00:00:00'),(120,'$30.53','2021-11-18 00:00:00'),(121,'$18.34','2021-12-20 00:00:00'),(122,'$18.34','2021-05-05 00:00:00'),(123,'$25.10','2021-07-11 00:00:00'),(124,'$21.83','2021-11-03 00:00:00'),(125,'$42.53','2021-06-18 00:00:00'),(126,'$17.17','2022-03-25 00:00:00'),(127,'$29.42','2021-11-04 00:00:00'),(128,'$50.17','2022-02-14 00:00:00'),(129,'$36.39','2022-01-22 00:00:00'),(130,'$55.72','2021-10-12 00:00:00'),(131,'$32.39','2022-01-30 00:00:00'),(132,'$25.03','2021-08-14 00:00:00'),(133,'$35.64','2021-11-15 00:00:00'),(134,'$23.90','2021-10-02 00:00:00'),(135,'$46.47','2021-09-08 00:00:00'),(136,'$28.07','2021-09-10 00:00:00'),(137,'$31.71','2021-08-16 00:00:00'),(138,'$24.32','2021-12-22 00:00:00'),(139,'$51.91','2021-05-11 00:00:00'),(140,'$33.30','2021-11-19 00:00:00'),(141,'$44.55','2022-02-23 00:00:00'),(142,'$51.73','2021-06-29 00:00:00'),(143,'$52.02','2021-06-08 00:00:00'),(144,'$54.66','2022-02-04 00:00:00'),(145,'$39.41','2021-06-27 00:00:00'),(146,'$32.85','2021-06-17 00:00:00'),(147,'$50.02','2022-03-03 00:00:00'),(148,'$53.81','2021-11-15 00:00:00'),(149,'$30.62','2021-07-20 00:00:00'),(150,'$50.82','2021-05-23 00:00:00'),(151,'$23.93','2022-03-21 00:00:00'),(152,'$43.82','2021-10-21 00:00:00'),(153,'$19.17','2021-08-25 00:00:00'),(154,'$51.30','2021-07-21 00:00:00'),(155,'$39.77','2021-12-08 00:00:00'),(156,'$45.14','2021-11-13 00:00:00'),(157,'$48.10','2022-01-02 00:00:00'),(158,'$22.52','2021-11-12 00:00:00'),(159,'$28.88','2021-12-11 00:00:00'),(160,'$45.08','2021-09-09 00:00:00'),(161,'$40.04','2021-10-13 00:00:00'),(162,'$52.66','2021-10-22 00:00:00'),(163,'$32.84','2021-08-11 00:00:00'),(164,'$42.20','2021-10-03 00:00:00'),(165,'$32.41','2022-04-25 00:00:00'),(166,'$16.90','2022-02-01 00:00:00'),(167,'$31.94','2021-08-28 00:00:00'),(168,'$31.83','2021-12-03 00:00:00'),(169,'$44.94','2022-01-18 00:00:00'),(170,'$33.20','2021-06-08 00:00:00'),(171,'$22.00','2021-08-31 00:00:00'),(172,'$46.55','2021-08-16 00:00:00'),(173,'$30.48','2022-03-22 00:00:00'),(174,'$55.09','2021-11-01 00:00:00'),(175,'$20.04','2021-11-21 00:00:00'),(176,'$59.31','2021-06-24 00:00:00'),(177,'$38.04','2021-06-06 00:00:00'),(178,'$43.00','2022-01-09 00:00:00'),(179,'$26.10','2022-03-20 00:00:00'),(180,'$30.48','2021-12-15 00:00:00'),(181,'$17.69','2022-02-27 00:00:00'),(182,'$19.11','2022-03-27 00:00:00'),(183,'$49.32','2021-10-19 00:00:00'),(184,'$55.85','2022-02-23 00:00:00'),(185,'$56.74','2021-11-11 00:00:00'),(186,'$51.91','2021-12-20 00:00:00'),(187,'$41.09','2021-10-12 00:00:00'),(188,'$56.31','2022-02-21 00:00:00'),(189,'$55.97','2021-10-26 00:00:00'),(190,'$20.47','2022-02-27 00:00:00'),(191,'$28.80','2021-10-21 00:00:00'),(192,'$43.32','2021-11-08 00:00:00'),(193,'$25.66','2021-06-06 00:00:00'),(194,'$16.55','2021-08-24 00:00:00'),(195,'$42.22','2021-08-31 00:00:00'),(196,'$40.00','2022-05-02 00:00:00'),(197,'$19.06','2021-05-17 00:00:00'),(198,'$24.88','2021-12-10 00:00:00'),(199,'$39.69','2021-06-24 00:00:00'),(200,'$50.15','2021-11-05 00:00:00');
/*!40000 ALTER TABLE `salaryrange` ENABLE KEYS */;
UNLOCK TABLES;


LOCK TABLES `educationlevels` WRITE;
/*!40000 ALTER TABLE `educationlevels` DISABLE KEYS */;
INSERT INTO `educationlevels` VALUES (1,'Masters Degree','2021-12-25 00:00:00'),(2,'Masters Degree','2021-09-12 00:00:00'),(3,'Bachelors Degree','2021-10-28 00:00:00'),(4,'Masters Degree','2021-09-04 00:00:00'),(5,'Masters Degree','2021-11-22 00:00:00'),(6,'Bachelors Degree','2021-05-17 00:00:00'),(7,'Masters Degree','2021-08-13 00:00:00'),(8,'Bachelors Degree','2022-01-27 00:00:00'),(9,'High School Diploma','2022-02-19 00:00:00'),(10,'Masters Degree','2021-08-16 00:00:00'),(11,'Associates Degree','2021-11-30 00:00:00'),(12,'Masters Degree','2022-04-25 00:00:00'),(13,'Masters Degree','2021-11-14 00:00:00'),(14,'Bachelors Degree','2021-11-29 00:00:00'),(15,'Associates Degree','2021-09-30 00:00:00'),(16,'High School Diploma','2021-10-29 00:00:00'),(17,'Bachelors Degree','2022-04-06 00:00:00'),(18,'Associates Degree','2021-10-26 00:00:00'),(19,'Bachelors Degree','2021-07-31 00:00:00'),(20,'Masters Degree','2021-09-29 00:00:00'),(21,'Bachelors Degree','2021-11-06 00:00:00'),(22,'Associates Degree','2021-11-13 00:00:00'),(23,'Bachelors Degree','2022-03-06 00:00:00'),(24,'Masters Degree','2021-11-28 00:00:00'),(25,'Masters Degree','2022-02-26 00:00:00'),(26,'Associates Degree','2021-08-08 00:00:00'),(27,'High School Diploma','2022-04-13 00:00:00'),(28,'Masters Degree','2022-04-29 00:00:00'),(29,'Masters Degree','2021-09-01 00:00:00'),(30,'High School Diploma','2021-11-21 00:00:00'),(31,'High School Diploma','2021-11-19 00:00:00'),(32,'Bachelors Degree','2021-10-25 00:00:00'),(33,'High School Diploma','2021-09-10 00:00:00'),(34,'Associates Degree','2021-09-25 00:00:00'),(35,'High School Diploma','2022-04-11 00:00:00'),(36,'Bachelors Degree','2021-08-22 00:00:00'),(37,'High School Diploma','2022-04-19 00:00:00'),(38,'Bachelors Degree','2021-05-20 00:00:00'),(39,'High School Diploma','2022-01-31 00:00:00'),(40,'High School Diploma','2021-12-10 00:00:00'),(41,'Associates Degree','2021-10-23 00:00:00'),(42,'High School Diploma','2021-07-21 00:00:00'),(43,'Bachelors Degree','2021-07-13 00:00:00'),(44,'Bachelors Degree','2021-12-28 00:00:00'),(45,'Associates Degree','2021-10-17 00:00:00'),(46,'Bachelors Degree','2021-07-14 00:00:00'),(47,'Masters Degree','2021-09-10 00:00:00'),(48,'Bachelors Degree','2022-03-26 00:00:00'),(49,'Masters Degree','2021-10-06 00:00:00'),(50,'Associates Degree','2021-09-29 00:00:00'),(51,'Bachelors Degree','2021-12-29 00:00:00'),(52,'Associates Degree','2021-07-17 00:00:00'),(53,'High School Diploma','2021-10-18 00:00:00'),(54,'Bachelors Degree','2022-04-07 00:00:00'),(55,'High School Diploma','2022-03-27 00:00:00'),(56,'High School Diploma','2022-03-08 00:00:00'),(57,'Masters Degree','2021-06-13 00:00:00'),(58,'Associates Degree','2021-06-15 00:00:00'),(59,'High School Diploma','2021-12-12 00:00:00'),(60,'Masters Degree','2021-06-19 00:00:00'),(61,'High School Diploma','2021-09-08 00:00:00'),(62,'Associates Degree','2022-02-04 00:00:00'),(63,'Bachelors Degree','2022-01-12 00:00:00'),(64,'High School Diploma','2022-03-18 00:00:00'),(65,'High School Diploma','2022-01-27 00:00:00'),(66,'Associates Degree','2022-04-20 00:00:00'),(67,'Masters Degree','2022-03-30 00:00:00'),(68,'Bachelors Degree','2022-04-27 00:00:00'),(69,'Associates Degree','2021-11-20 00:00:00'),(70,'Masters Degree','2022-01-24 00:00:00'),(71,'Bachelors Degree','2022-03-20 00:00:00'),(72,'High School Diploma','2022-03-03 00:00:00'),(73,'High School Diploma','2021-11-16 00:00:00'),(74,'Associates Degree','2021-10-14 00:00:00'),(75,'Masters Degree','2021-09-16 00:00:00'),(76,'High School Diploma','2021-07-19 00:00:00'),(77,'Masters Degree','2022-01-24 00:00:00'),(78,'Associates Degree','2021-08-13 00:00:00'),(79,'Masters Degree','2022-01-05 00:00:00'),(80,'Bachelors Degree','2022-01-08 00:00:00'),(81,'Associates Degree','2022-04-10 00:00:00'),(82,'Masters Degree','2022-01-29 00:00:00'),(83,'Associates Degree','2021-08-20 00:00:00'),(84,'Associates Degree','2021-11-26 00:00:00'),(85,'High School Diploma','2022-02-15 00:00:00'),(86,'High School Diploma','2022-02-24 00:00:00'),(87,'Bachelors Degree','2022-01-10 00:00:00'),(88,'Bachelors Degree','2022-02-23 00:00:00'),(89,'Bachelors Degree','2021-07-22 00:00:00'),(90,'High School Diploma','2022-03-10 00:00:00'),(91,'Associates Degree','2021-05-27 00:00:00'),(92,'High School Diploma','2021-09-06 00:00:00'),(93,'Associates Degree','2022-01-02 00:00:00'),(94,'High School Diploma','2022-01-07 00:00:00'),(95,'High School Diploma','2021-10-15 00:00:00'),(96,'High School Diploma','2022-03-24 00:00:00'),(97,'Associates Degree','2021-10-16 00:00:00'),(98,'Associates Degree','2021-10-21 00:00:00'),(99,'High School Diploma','2021-10-08 00:00:00'),(100,'High School Diploma','2021-06-28 00:00:00'),(101,'Associates Degree','2022-02-06 00:00:00'),(102,'High School Diploma','2021-08-26 00:00:00'),(103,'High School Diploma','2021-08-15 00:00:00'),(104,'High School Diploma','2021-12-30 00:00:00'),(105,'High School Diploma','2021-05-07 00:00:00'),(106,'Masters Degree','2021-07-05 00:00:00'),(107,'High School Diploma','2021-06-19 00:00:00'),(108,'Masters Degree','2021-05-16 00:00:00'),(109,'Masters Degree','2022-01-30 00:00:00'),(110,'Masters Degree','2021-12-16 00:00:00'),(111,'Masters Degree','2022-05-01 00:00:00'),(112,'High School Diploma','2021-12-02 00:00:00'),(113,'Bachelors Degree','2021-05-18 00:00:00'),(114,'Bachelors Degree','2021-05-05 00:00:00'),(115,'Bachelors Degree','2021-07-19 00:00:00'),(116,'Associates Degree','2021-08-06 00:00:00'),(117,'High School Diploma','2022-02-07 00:00:00'),(118,'High School Diploma','2021-06-28 00:00:00'),(119,'Bachelors Degree','2021-09-12 00:00:00'),(120,'Masters Degree','2021-09-09 00:00:00'),(121,'High School Diploma','2022-04-02 00:00:00'),(122,'High School Diploma','2021-09-13 00:00:00'),(123,'Bachelors Degree','2022-04-07 00:00:00'),(124,'Associates Degree','2021-08-17 00:00:00'),(125,'High School Diploma','2022-01-13 00:00:00'),(126,'Associates Degree','2021-12-16 00:00:00'),(127,'Bachelors Degree','2022-01-14 00:00:00'),(128,'Associates Degree','2021-12-24 00:00:00'),(129,'Masters Degree','2022-02-28 00:00:00'),(130,'Bachelors Degree','2022-02-10 00:00:00'),(131,'Bachelors Degree','2022-03-02 00:00:00'),(132,'Associates Degree','2021-10-10 00:00:00'),(133,'Masters Degree','2021-12-10 00:00:00'),(134,'Associates Degree','2021-09-27 00:00:00'),(135,'Masters Degree','2021-06-01 00:00:00'),(136,'Bachelors Degree','2021-11-29 00:00:00'),(137,'High School Diploma','2022-03-18 00:00:00'),(138,'Associates Degree','2021-12-06 00:00:00'),(139,'Associates Degree','2021-05-08 00:00:00'),(140,'High School Diploma','2021-11-11 00:00:00'),(141,'High School Diploma','2022-03-28 00:00:00'),(142,'Associates Degree','2021-11-18 00:00:00'),(143,'Masters Degree','2022-03-26 00:00:00'),(144,'Associates Degree','2021-12-04 00:00:00'),(145,'Associates Degree','2022-03-06 00:00:00'),(146,'Associates Degree','2021-12-01 00:00:00'),(147,'Associates Degree','2022-01-18 00:00:00'),(148,'High School Diploma','2021-10-15 00:00:00'),(149,'Bachelors Degree','2021-09-16 00:00:00'),(150,'Masters Degree','2022-02-18 00:00:00'),(151,'Associates Degree','2021-06-23 00:00:00'),(152,'High School Diploma','2021-09-01 00:00:00'),(153,'Masters Degree','2022-01-14 00:00:00'),(154,'Associates Degree','2021-09-14 00:00:00'),(155,'Masters Degree','2021-08-06 00:00:00'),(156,'Masters Degree','2021-12-11 00:00:00'),(157,'Bachelors Degree','2021-07-24 00:00:00'),(158,'Bachelors Degree','2022-03-11 00:00:00'),(159,'Bachelors Degree','2022-02-21 00:00:00'),(160,'Bachelors Degree','2021-10-27 00:00:00'),(161,'Associates Degree','2021-12-19 00:00:00'),(162,'Bachelors Degree','2021-09-04 00:00:00'),(163,'Bachelors Degree','2022-04-28 00:00:00'),(164,'Bachelors Degree','2021-12-29 00:00:00'),(165,'High School Diploma','2022-01-30 00:00:00'),(166,'Associates Degree','2022-01-30 00:00:00'),(167,'High School Diploma','2021-07-27 00:00:00'),(168,'High School Diploma','2021-11-03 00:00:00'),(169,'High School Diploma','2021-12-13 00:00:00'),(170,'Masters Degree','2022-03-15 00:00:00'),(171,'Bachelors Degree','2021-06-22 00:00:00'),(172,'Associates Degree','2021-07-12 00:00:00'),(173,'High School Diploma','2021-08-16 00:00:00'),(174,'High School Diploma','2021-11-26 00:00:00'),(175,'Associates Degree','2022-01-02 00:00:00'),(176,'Associates Degree','2022-02-08 00:00:00'),(177,'Associates Degree','2021-12-18 00:00:00'),(178,'Masters Degree','2021-10-23 00:00:00'),(179,'High School Diploma','2022-02-22 00:00:00'),(180,'Bachelors Degree','2021-08-04 00:00:00'),(181,'High School Diploma','2021-10-21 00:00:00'),(182,'High School Diploma','2021-08-21 00:00:00'),(183,'Bachelors Degree','2021-09-07 00:00:00'),(184,'Associates Degree','2021-11-08 00:00:00'),(185,'Associates Degree','2021-08-31 00:00:00'),(186,'Associates Degree','2021-12-29 00:00:00'),(187,'Associates Degree','2021-06-04 00:00:00'),(188,'Masters Degree','2021-10-29 00:00:00'),(189,'High School Diploma','2021-08-26 00:00:00'),(190,'Associates Degree','2021-07-11 00:00:00'),(191,'Associates Degree','2022-01-26 00:00:00'),(192,'Associates Degree','2021-08-01 00:00:00'),(193,'High School Diploma','2021-10-14 00:00:00'),(194,'Bachelors Degree','2021-06-13 00:00:00'),(195,'Bachelors Degree','2021-08-23 00:00:00'),(196,'Bachelors Degree','2021-12-02 00:00:00'),(197,'Bachelors Degree','2021-10-28 00:00:00'),(198,'Associates Degree','2021-12-27 00:00:00'),(199,'High School Diploma','2022-04-29 00:00:00'),(200,'Bachelors Degree','2021-09-29 00:00:00');
/*!40000 ALTER TABLE `educationlevels` ENABLE KEYS */;
UNLOCK TABLES;


LOCK TABLES `employee` WRITE;
/*!40000 ALTER TABLE `employee` DISABLE KEYS */;
INSERT INTO `employee` VALUES (1,1,1,'2022-03-23 00:00:00'),(2,2,2,'2022-03-02 00:00:00'),(3,3,3,'2021-11-12 00:00:00'),(4,4,4,'2021-12-07 00:00:00'),(5,5,5,'2022-04-26 00:00:00'),(6,6,6,'2022-01-16 00:00:00'),(7,7,7,'2022-03-06 00:00:00'),(8,8,8,'2021-10-16 00:00:00'),(9,9,9,'2022-04-28 00:00:00'),(10,10,10,'2022-04-29 00:00:00'),(11,11,11,'2021-07-16 00:00:00'),(12,12,12,'2022-05-01 00:00:00'),(13,13,13,'2021-05-25 00:00:00'),(14,14,14,'2022-03-15 00:00:00'),(15,15,15,'2021-09-04 00:00:00'),(16,16,16,'2021-08-31 00:00:00'),(17,17,17,'2021-09-25 00:00:00'),(18,18,18,'2021-12-17 00:00:00'),(19,19,19,'2021-10-25 00:00:00'),(20,20,20,'2021-06-13 00:00:00'),(21,21,21,'2021-10-01 00:00:00'),(22,22,22,'2021-11-03 00:00:00'),(23,23,23,'2021-09-04 00:00:00'),(24,24,24,'2022-04-13 00:00:00'),(25,25,25,'2022-04-24 00:00:00'),(26,26,26,'2021-12-16 00:00:00'),(27,27,27,'2021-11-24 00:00:00'),(28,28,28,'2021-12-09 00:00:00'),(29,29,29,'2021-11-23 00:00:00'),(30,30,30,'2021-10-03 00:00:00'),(31,31,31,'2022-05-01 00:00:00'),(32,32,32,'2021-07-02 00:00:00'),(33,33,33,'2021-08-03 00:00:00'),(34,34,34,'2022-04-17 00:00:00'),(35,35,35,'2022-02-23 00:00:00'),(36,36,36,'2021-09-28 00:00:00'),(37,37,37,'2021-09-21 00:00:00'),(38,38,38,'2021-12-19 00:00:00'),(39,39,39,'2021-12-26 00:00:00'),(40,40,40,'2021-11-10 00:00:00'),(41,41,41,'2021-05-26 00:00:00'),(42,42,42,'2022-05-01 00:00:00'),(43,43,43,'2021-09-06 00:00:00'),(44,44,44,'2021-06-13 00:00:00'),(45,45,45,'2021-12-13 00:00:00'),(46,46,46,'2021-11-07 00:00:00'),(47,47,47,'2021-11-12 00:00:00'),(48,48,48,'2021-09-28 00:00:00'),(49,49,49,'2022-02-06 00:00:00'),(50,50,50,'2021-09-17 00:00:00'),(51,51,51,'2021-11-26 00:00:00'),(52,52,52,'2022-04-30 00:00:00'),(53,53,53,'2021-12-09 00:00:00'),(54,54,54,'2021-10-19 00:00:00'),(55,55,55,'2021-07-23 00:00:00'),(56,56,56,'2021-05-12 00:00:00'),(57,57,57,'2021-07-28 00:00:00'),(58,58,58,'2021-07-17 00:00:00'),(59,59,59,'2022-04-08 00:00:00'),(60,60,60,'2021-09-23 00:00:00'),(61,61,61,'2021-06-27 00:00:00'),(62,62,62,'2021-12-11 00:00:00'),(63,63,63,'2021-10-16 00:00:00'),(64,64,64,'2021-10-24 00:00:00'),(65,65,65,'2021-11-01 00:00:00'),(66,66,66,'2022-01-18 00:00:00'),(67,67,67,'2022-04-12 00:00:00'),(68,68,68,'2022-03-18 00:00:00'),(69,69,69,'2021-07-27 00:00:00'),(70,70,70,'2021-08-03 00:00:00'),(71,71,71,'2021-06-03 00:00:00'),(72,72,72,'2021-12-14 00:00:00'),(73,73,73,'2022-02-14 00:00:00'),(74,74,74,'2022-04-26 00:00:00'),(75,75,75,'2022-01-16 00:00:00'),(76,76,76,'2022-03-20 00:00:00'),(77,77,77,'2021-11-28 00:00:00'),(78,78,78,'2021-06-01 00:00:00'),(79,79,79,'2021-11-01 00:00:00'),(80,80,80,'2021-12-08 00:00:00'),(81,81,81,'2021-05-11 00:00:00'),(82,82,82,'2021-12-31 00:00:00'),(83,83,83,'2021-08-25 00:00:00'),(84,84,84,'2022-03-12 00:00:00'),(85,85,85,'2022-04-04 00:00:00'),(86,86,86,'2022-03-05 00:00:00'),(87,87,87,'2021-07-13 00:00:00'),(88,88,88,'2021-05-25 00:00:00'),(89,89,89,'2022-01-13 00:00:00'),(90,90,90,'2022-01-22 00:00:00'),(91,91,91,'2022-03-04 00:00:00'),(92,92,92,'2021-08-23 00:00:00'),(93,93,93,'2021-07-26 00:00:00'),(94,94,94,'2021-10-13 00:00:00'),(95,95,95,'2022-01-12 00:00:00'),(96,96,96,'2021-10-23 00:00:00'),(97,97,97,'2022-03-29 00:00:00'),(98,98,98,'2022-01-27 00:00:00'),(99,99,99,'2021-06-02 00:00:00'),(100,100,100,'2021-08-19 00:00:00'),(101,101,101,'2021-09-24 00:00:00'),(102,102,102,'2022-02-11 00:00:00'),(103,103,103,'2021-12-10 00:00:00'),(104,104,104,'2021-06-03 00:00:00'),(105,105,105,'2021-08-05 00:00:00'),(106,106,106,'2022-01-22 00:00:00'),(107,107,107,'2022-03-13 00:00:00'),(108,108,108,'2022-04-05 00:00:00'),(109,109,109,'2022-04-08 00:00:00'),(110,110,110,'2021-12-20 00:00:00'),(111,111,111,'2022-01-24 00:00:00'),(112,112,112,'2021-05-19 00:00:00'),(113,113,113,'2022-04-20 00:00:00'),(114,114,114,'2021-05-22 00:00:00'),(115,115,115,'2021-08-01 00:00:00'),(116,116,116,'2022-02-27 00:00:00'),(117,117,117,'2021-05-26 00:00:00'),(118,118,118,'2022-01-25 00:00:00'),(119,119,119,'2021-12-20 00:00:00'),(120,120,120,'2021-06-08 00:00:00'),(121,121,121,'2022-01-28 00:00:00'),(122,122,122,'2021-08-19 00:00:00'),(123,123,123,'2021-12-16 00:00:00'),(124,124,124,'2021-09-05 00:00:00'),(125,125,125,'2021-05-09 00:00:00'),(126,126,126,'2021-11-17 00:00:00'),(127,127,127,'2022-01-21 00:00:00'),(128,128,128,'2021-05-08 00:00:00'),(129,129,129,'2021-05-10 00:00:00'),(130,130,130,'2022-01-01 00:00:00'),(131,131,131,'2021-08-11 00:00:00'),(132,132,132,'2022-04-19 00:00:00'),(133,133,133,'2021-12-08 00:00:00'),(134,134,134,'2021-09-24 00:00:00'),(135,135,135,'2021-08-04 00:00:00'),(136,136,136,'2021-11-18 00:00:00'),(137,137,137,'2021-09-01 00:00:00'),(138,138,138,'2021-12-22 00:00:00'),(139,139,139,'2021-08-13 00:00:00'),(140,140,140,'2021-10-29 00:00:00'),(141,141,141,'2021-06-19 00:00:00'),(142,142,142,'2021-08-11 00:00:00'),(143,143,143,'2022-05-01 00:00:00'),(144,144,144,'2021-05-09 00:00:00'),(145,145,145,'2021-10-02 00:00:00'),(146,146,146,'2022-02-04 00:00:00'),(147,147,147,'2022-03-25 00:00:00'),(148,148,148,'2021-10-28 00:00:00'),(149,149,149,'2021-10-21 00:00:00'),(150,150,150,'2021-12-20 00:00:00'),(151,151,151,'2021-12-12 00:00:00'),(152,152,152,'2021-07-03 00:00:00'),(153,153,153,'2021-12-12 00:00:00'),(154,154,154,'2021-08-14 00:00:00'),(155,155,155,'2021-12-13 00:00:00'),(156,156,156,'2021-12-25 00:00:00'),(157,157,157,'2022-03-05 00:00:00'),(158,158,158,'2021-11-01 00:00:00'),(159,159,159,'2021-11-07 00:00:00'),(160,160,160,'2021-08-20 00:00:00'),(161,161,161,'2021-08-08 00:00:00'),(162,162,162,'2021-12-01 00:00:00'),(163,163,163,'2021-09-17 00:00:00'),(164,164,164,'2022-04-28 00:00:00'),(165,165,165,'2021-11-12 00:00:00'),(166,166,166,'2022-01-01 00:00:00'),(167,167,167,'2022-03-16 00:00:00'),(168,168,168,'2021-07-04 00:00:00'),(169,169,169,'2021-08-06 00:00:00'),(170,170,170,'2021-11-21 00:00:00'),(171,171,171,'2022-05-01 00:00:00'),(172,172,172,'2021-06-28 00:00:00'),(173,173,173,'2021-07-06 00:00:00'),(174,174,174,'2021-07-21 00:00:00'),(175,175,175,'2021-09-24 00:00:00'),(176,176,176,'2022-01-06 00:00:00'),(177,177,177,'2021-06-08 00:00:00'),(178,178,178,'2021-11-22 00:00:00'),(179,179,179,'2021-07-25 00:00:00'),(180,180,180,'2021-10-16 00:00:00'),(181,181,181,'2021-05-25 00:00:00'),(182,182,182,'2022-02-11 00:00:00'),(183,183,183,'2022-01-26 00:00:00'),(184,184,184,'2021-07-04 00:00:00'),(185,185,185,'2022-01-13 00:00:00'),(186,186,186,'2021-08-12 00:00:00'),(187,187,187,'2021-09-19 00:00:00'),(188,188,188,'2021-08-28 00:00:00'),(189,189,189,'2022-01-18 00:00:00'),(190,190,190,'2021-07-29 00:00:00'),(191,191,191,'2022-03-22 00:00:00'),(192,192,192,'2021-05-22 00:00:00'),(193,193,193,'2022-05-01 00:00:00'),(194,194,194,'2021-08-30 00:00:00'),(195,195,195,'2022-05-01 00:00:00'),(196,196,196,'2021-06-08 00:00:00'),(197,197,197,'2021-05-22 00:00:00'),(198,198,198,'2021-08-16 00:00:00'),(199,199,199,'2022-04-02 00:00:00'),(200,200,200,'2021-09-23 00:00:00');
/*!40000 ALTER TABLE `employee` ENABLE KEYS */;
UNLOCK TABLES;


LOCK TABLES `employer` WRITE;
/*!40000 ALTER TABLE `employer` DISABLE KEYS */;
INSERT INTO `employer` VALUES (1,'zchidlow0@tripadvisor.com','Oyondu','140-850-0915',1,1,'2021-11-10 00:00:00'),(2,'kkirsche1@arizona.edu','Wordtune','114-374-8340',2,2,'2021-06-11 00:00:00'),(3,'ksporle2@buzzfeed.com','Linklinks','589-232-0252',3,3,'2021-06-23 00:00:00'),(4,'njarlmann3@census.gov','Trudeo','691-207-9425',4,4,'2021-09-18 00:00:00'),(5,'kpedrielli4@google.it','Wordify','348-698-3096',5,5,'2021-06-24 00:00:00'),(6,'kgiovannacci5@admin.ch','Meevee','891-103-9869',6,6,'2022-02-19 00:00:00'),(7,'dmcparland6@kickstarter.com','Aivee','134-391-9861',7,7,'2021-07-30 00:00:00'),(8,'hmacneill7@fotki.com','Miboo','225-501-0733',8,8,'2021-10-01 00:00:00'),(9,'akaysor8@github.io','Zooveo','326-666-9854',9,9,'2021-11-26 00:00:00'),(10,'lsellner9@fema.gov','Centimia','643-174-5293',10,10,'2021-05-03 00:00:00'),(11,'mtunnaa@istockphoto.com','Feedbug','433-384-2826',11,11,'2021-05-12 00:00:00'),(12,'kzelleyb@rambler.ru','Jabbersphere','884-610-1529',12,12,'2021-11-29 00:00:00'),(13,'scrightenc@studiopress.com','Avaveo','748-619-3210',13,13,'2022-03-02 00:00:00'),(14,'klairdd@indiegogo.com','Thoughtmix','227-822-5591',14,14,'2021-06-15 00:00:00'),(15,'cclawsleye@barnesandnoble.com','Voolia','878-542-9513',15,15,'2021-06-08 00:00:00'),(16,'sjewsonf@rakuten.co.jp','Tambee','849-728-8898',16,16,'2021-06-27 00:00:00'),(17,'rhoyleg@ed.gov','Yombu','416-979-6163',17,17,'2021-11-04 00:00:00'),(18,'riacovoloh@live.com','Realmix','151-631-6265',18,18,'2022-03-26 00:00:00'),(19,'gdanevi@goo.ne.jp','Eidel','505-949-8513',19,19,'2021-11-24 00:00:00'),(20,'npatrichej@va.gov','Latz','900-212-3088',20,20,'2021-07-30 00:00:00'),(21,'mellamsk@networksolutions.com','Gabspot','379-527-8589',21,21,'2022-03-11 00:00:00'),(22,'pgrigsbyl@bloglovin.com','Chatterbridge','645-419-6316',22,22,'2021-10-17 00:00:00'),(23,'kbroskem@washington.edu','Realbuzz','202-262-2136',23,23,'2022-04-18 00:00:00'),(24,'thedauxn@amazon.co.jp','Shuffledrive','707-116-9111',24,24,'2021-09-20 00:00:00'),(25,'dcovottio@howstuffworks.com','Twitterlist','244-893-0321',25,25,'2021-12-27 00:00:00'),(26,'gsalomonp@plala.or.jp','Babbleset','413-135-6851',26,26,'2021-05-31 00:00:00'),(27,'lpolottiq@shareasale.com','Blogtags','848-456-3811',27,27,'2021-05-05 00:00:00'),(28,'rjuschker@indiatimes.com','Roombo','929-195-9263',28,28,'2022-03-03 00:00:00'),(29,'vsirets@theatlantic.com','Voonix','545-470-5812',29,29,'2021-11-05 00:00:00'),(30,'zrolfst@bbc.co.uk','Mudo','654-512-9204',30,30,'2021-05-17 00:00:00'),(31,'dgrovesu@google.de','Tagtune','560-820-7595',31,31,'2022-01-09 00:00:00'),(32,'ekimmingsv@hugedomains.com','Linktype','643-277-0175',32,32,'2021-08-08 00:00:00'),(33,'afollettw@ted.com','Gabtype','221-487-1552',33,33,'2021-08-19 00:00:00'),(34,'hmapledorumx@who.int','Quaxo','599-989-4276',34,34,'2022-04-02 00:00:00'),(35,'mmucky@bloglovin.com','Voonder','918-869-0838',35,35,'2022-04-01 00:00:00'),(36,'gcharlestonz@cam.ac.uk','Ntag','308-196-5705',36,36,'2021-07-12 00:00:00'),(37,'cteasdalemarkie10@tumblr.com','Jabbercube','200-715-7925',37,37,'2021-11-01 00:00:00'),(38,'sstalf11@msu.edu','Yozio','137-434-2852',38,38,'2022-03-06 00:00:00'),(39,'bcorwood12@chronoengine.com','Gigaclub','759-737-8348',39,39,'2021-10-09 00:00:00'),(40,'arollinson13@marketwatch.com','Ozu','794-648-6576',40,40,'2022-03-28 00:00:00'),(41,'tsantry14@harvard.edu','Topicware','206-310-4213',41,41,'2022-01-23 00:00:00'),(42,'lsydall15@japanpost.jp','Jaxnation','198-332-9381',42,42,'2021-09-30 00:00:00'),(43,'nkuna16@ocn.ne.jp','Gabspot','336-646-1057',43,43,'2021-11-28 00:00:00'),(44,'cpilger17@telegraph.co.uk','Gigazoom','615-806-7437',44,44,'2021-06-04 00:00:00'),(45,'saldgate18@gizmodo.com','Agimba','462-737-5999',45,45,'2021-09-24 00:00:00'),(46,'dlytell19@forbes.com','Kazio','922-669-0651',46,46,'2021-05-20 00:00:00'),(47,'jalentyev1a@globo.com','Nlounge','434-257-0187',47,47,'2021-10-18 00:00:00'),(48,'jdeclairmont1b@bluehost.com','Browsedrive','264-783-7443',48,48,'2021-10-23 00:00:00'),(49,'ihutchence1c@abc.net.au','LiveZ','263-946-7645',49,49,'2021-08-11 00:00:00'),(50,'mcrichton1d@illinois.edu','Kazio','285-633-1445',50,50,'2021-11-14 00:00:00'),(51,'rzanazzi1e@4shared.com','Rooxo','307-782-8728',51,51,'2021-09-12 00:00:00'),(52,'apymer1f@indiatimes.com','Eabox','190-642-4036',52,52,'2022-01-27 00:00:00'),(53,'vcamilleri1g@4shared.com','Flipstorm','455-511-0287',53,53,'2021-09-07 00:00:00'),(54,'bdene1h@addtoany.com','Muxo','756-202-1078',54,54,'2022-02-09 00:00:00'),(55,'cpicott1i@sitemeter.com','Zazio','220-142-9485',55,55,'2021-07-15 00:00:00'),(56,'rgirogetti1j@privacy.gov.au','Wikizz','858-966-1165',56,56,'2021-12-29 00:00:00'),(57,'clightowlers1k@simplemachines.org','Kamba','446-724-9852',57,57,'2021-07-04 00:00:00'),(58,'icrinion1l@theguardian.com','Kwimbee','805-592-7332',58,58,'2021-05-16 00:00:00'),(59,'elaurance1m@weibo.com','Skivee','248-452-9128',59,59,'2021-12-19 00:00:00'),(60,'cpalatini1n@yale.edu','Voonyx','476-711-6377',60,60,'2021-10-30 00:00:00'),(61,'cvedenyakin1o@nsw.gov.au','Youtags','309-243-1787',61,61,'2021-10-19 00:00:00'),(62,'bwheadon1p@ucoz.ru','JumpXS','918-922-8580',62,62,'2021-05-12 00:00:00'),(63,'mhandke1q@technorati.com','Yamia','515-608-5506',63,63,'2021-07-27 00:00:00'),(64,'fodonohue1r@mashable.com','Mynte','810-221-9050',64,64,'2021-07-24 00:00:00'),(65,'snornasell1s@alibaba.com','Centizu','291-695-8669',65,65,'2021-06-18 00:00:00'),(66,'gcolville1t@storify.com','Babbleopia','636-139-5367',66,66,'2021-08-11 00:00:00'),(67,'tmattioli1u@howstuffworks.com','Riffpath','710-968-4486',67,67,'2022-01-11 00:00:00'),(68,'dlorey1v@sourceforge.net','Buzzster','770-203-4576',68,68,'2021-07-13 00:00:00'),(69,'ccolerick1w@google.pl','Jaloo','940-356-8309',69,69,'2021-08-24 00:00:00'),(70,'lcongrave1x@studiopress.com','Tavu','563-363-3514',70,70,'2021-06-28 00:00:00'),(71,'ciaduccelli1y@stumbleupon.com','Eare','824-963-1891',71,71,'2021-09-18 00:00:00'),(72,'kjerromes1z@bigcartel.com','Demimbu','316-358-2279',72,72,'2022-01-18 00:00:00'),(73,'hgrocott20@barnesandnoble.com','Thoughtmix','578-595-7763',73,73,'2021-09-07 00:00:00'),(74,'adouglas21@ezinearticles.com','Kimia','548-378-7404',74,74,'2021-07-23 00:00:00'),(75,'vgrzelewski22@trellian.com','Blogtags','150-354-9611',75,75,'2021-07-20 00:00:00'),(76,'rdoel23@free.fr','Buzzster','462-204-5914',76,76,'2021-09-08 00:00:00'),(77,'vcharlotte24@nymag.com','Quire','520-669-2086',77,77,'2022-01-04 00:00:00'),(78,'darnaldy25@sfgate.com','Leexo','851-853-4419',78,78,'2022-04-28 00:00:00'),(79,'mnorkutt26@so-net.ne.jp','Vidoo','962-879-5874',79,79,'2021-10-13 00:00:00'),(80,'cfaithfull27@over-blog.com','Livefish','250-803-7851',80,80,'2021-07-16 00:00:00'),(81,'jdelaney28@joomla.org','Devify','325-634-1685',81,81,'2021-05-18 00:00:00'),(82,'mavann29@topsy.com','Snaptags','316-365-5133',82,82,'2021-10-05 00:00:00'),(83,'ajosling2a@usatoday.com','Chatterbridge','624-143-3260',83,83,'2022-03-17 00:00:00'),(84,'cgriffith2b@miitbeian.gov.cn','Photobug','759-674-5987',84,84,'2022-04-16 00:00:00'),(85,'lpickrell2c@posterous.com','Jaloo','339-319-1419',85,85,'2022-02-11 00:00:00'),(86,'msaddler2d@ca.gov','Blogtags','221-754-9195',86,86,'2021-11-06 00:00:00'),(87,'sdacth2e@amazon.de','Skyble','234-320-6677',87,87,'2021-10-23 00:00:00'),(88,'rluna2f@fema.gov','Tambee','532-170-7128',88,88,'2022-01-29 00:00:00'),(89,'rlodewick2g@timesonline.co.uk','Demizz','898-428-1400',89,89,'2021-06-12 00:00:00'),(90,'dcasassa2h@msu.edu','Rhybox','957-312-1971',90,90,'2022-02-02 00:00:00'),(91,'tbarukh2i@gizmodo.com','Innojam','997-772-1815',91,91,'2021-08-27 00:00:00'),(92,'awetheril2j@edublogs.org','Tekfly','524-642-9434',92,92,'2021-09-21 00:00:00'),(93,'mpurcell2k@statcounter.com','Skalith','519-322-1968',93,93,'2021-07-03 00:00:00'),(94,'rbalentyne2l@godaddy.com','Jetpulse','219-701-7726',94,94,'2021-10-12 00:00:00'),(95,'ebradick2m@toplist.cz','Ailane','825-524-0356',95,95,'2021-10-04 00:00:00'),(96,'tingry2n@tinyurl.com','Ooba','751-272-3617',96,96,'2021-07-07 00:00:00'),(97,'gmacfarland2o@taobao.com','Kwilith','419-810-4379',97,97,'2022-03-08 00:00:00'),(98,'zgiroldi2p@canalblog.com','Lazzy','514-497-3345',98,98,'2021-11-01 00:00:00'),(99,'tdunphie2q@parallels.com','Buzzdog','963-662-2334',99,99,'2021-08-06 00:00:00'),(100,'jcaulwell2r@google.com.br','Rhynoodle','262-386-3602',100,100,'2022-02-28 00:00:00'),(101,'ehaylett2s@woothemes.com','Zoomcast','515-671-3228',101,101,'2022-02-11 00:00:00'),(102,'bblaxton2t@google.it','Topicstorm','121-826-8326',102,102,'2021-11-18 00:00:00'),(103,'dbranch2u@dmoz.org','Brightbean','369-586-1705',103,103,'2021-05-26 00:00:00'),(104,'lcosgrove2v@webnode.com','Voonix','624-594-6696',104,104,'2022-02-07 00:00:00'),(105,'bgilffilland2w@twitpic.com','Eazzy','476-393-5217',105,105,'2022-03-01 00:00:00'),(106,'scheasman2x@alibaba.com','Eidel','775-699-3558',106,106,'2021-08-20 00:00:00'),(107,'ctruelock2y@mozilla.org','Blogtags','252-643-5843',107,107,'2022-04-21 00:00:00'),(108,'jvallentin2z@cornell.edu','Zoomlounge','569-996-2110',108,108,'2022-03-25 00:00:00'),(109,'cdaice30@washingtonpost.com','Youspan','617-834-2123',109,109,'2021-08-11 00:00:00'),(110,'bstookes31@ted.com','Vitz','855-399-6345',110,110,'2022-02-20 00:00:00'),(111,'pkloisner32@telegraph.co.uk','Jetwire','921-231-9287',111,111,'2022-03-10 00:00:00'),(112,'vzuenelli33@dailymotion.com','Shufflester','745-114-3873',112,112,'2022-02-15 00:00:00'),(113,'mstudd34@mlb.com','Edgetag','361-895-6671',113,113,'2022-03-06 00:00:00'),(114,'mcrockley35@newsvine.com','Meejo','163-467-2412',114,114,'2021-11-26 00:00:00'),(115,'thoward36@themeforest.net','Meetz','213-680-0213',115,115,'2022-01-20 00:00:00'),(116,'sschukert37@aol.com','Camimbo','751-573-0121',116,116,'2022-04-05 00:00:00'),(117,'bwatford38@wiley.com','Trupe','573-228-4879',117,117,'2021-08-07 00:00:00'),(118,'jbeekman39@google.es','Skivee','164-715-1830',118,118,'2021-08-02 00:00:00'),(119,'edelacour3a@histats.com','Kazio','717-402-8551',119,119,'2022-02-06 00:00:00'),(120,'kmacafee3b@yahoo.com','Photojam','676-973-5106',120,120,'2021-10-27 00:00:00'),(121,'crignoldes3c@nature.com','Thoughtstorm','292-218-4874',121,121,'2022-01-26 00:00:00'),(122,'jyurikov3d@studiopress.com','Edgewire','202-528-8372',122,122,'2021-05-19 00:00:00'),(123,'abudibent3e@devhub.com','Podcat','424-847-2224',123,123,'2021-09-28 00:00:00'),(124,'slidstone3f@go.com','Wikizz','708-111-4589',124,124,'2021-08-05 00:00:00'),(125,'gsammonds3g@123-reg.co.uk','Feedfish','906-486-1447',125,125,'2021-07-07 00:00:00'),(126,'xpudsey3h@wired.com','Dynabox','106-516-3969',126,126,'2021-05-13 00:00:00'),(127,'ybarstock3i@sun.com','Linklinks','416-388-8978',127,127,'2022-01-19 00:00:00'),(128,'aroblin3j@godaddy.com','Kazio','214-270-5962',128,128,'2021-06-29 00:00:00'),(129,'lingilson3k@paginegialle.it','Thoughtbeat','388-196-2502',129,129,'2022-03-31 00:00:00'),(130,'rquogan3l@studiopress.com','Buzzster','446-169-9335',130,130,'2021-07-10 00:00:00'),(131,'ljehan3m@bandcamp.com','Eare','205-781-9820',131,131,'2021-12-25 00:00:00'),(132,'acolbran3n@merriam-webster.com','Youbridge','843-996-6189',132,132,'2021-11-20 00:00:00'),(133,'mbeglin3o@google.it','Meejo','517-622-3809',133,133,'2021-06-23 00:00:00'),(134,'gvellender3p@answers.com','Jabbersphere','384-194-9285',134,134,'2021-08-13 00:00:00'),(135,'ztrye3q@webnode.com','Twimm','703-895-8484',135,135,'2022-04-04 00:00:00'),(136,'dfernando3r@sakura.ne.jp','Gabtune','611-306-7754',136,136,'2022-01-21 00:00:00'),(137,'sbrothers3s@sun.com','Dabjam','577-368-5655',137,137,'2022-04-16 00:00:00'),(138,'bosgarby3t@about.com','Vinder','418-570-8224',138,138,'2021-11-05 00:00:00'),(139,'zhinstridge3u@wikipedia.org','Babbleset','700-783-9643',139,139,'2021-07-27 00:00:00'),(140,'bkeough3v@abc.net.au','Flipstorm','806-458-8471',140,140,'2021-05-13 00:00:00'),(141,'blambole3w@npr.org','InnoZ','894-271-6724',141,141,'2021-10-10 00:00:00'),(142,'spalia3x@phpbb.com','Eazzy','238-291-7516',142,142,'2021-09-15 00:00:00'),(143,'sidiens3y@jimdo.com','Oyonder','372-481-3854',143,143,'2022-03-13 00:00:00'),(144,'zbusch3z@foxnews.com','Wikibox','915-386-6030',144,144,'2022-01-01 00:00:00'),(145,'hcumpton40@nature.com','Roomm','262-824-7162',145,145,'2021-11-23 00:00:00'),(146,'gskillanders41@icio.us','Blogspan','368-568-0688',146,146,'2022-02-20 00:00:00'),(147,'lfound42@sakura.ne.jp','Edgeify','728-838-2361',147,147,'2021-09-12 00:00:00'),(148,'llightollers43@yelp.com','Snaptags','349-853-8473',148,148,'2021-08-01 00:00:00'),(149,'gtate44@yelp.com','Twitterlist','966-476-7384',149,149,'2022-03-06 00:00:00'),(150,'ymeachan45@icq.com','Yodoo','703-197-3253',150,150,'2021-09-19 00:00:00'),(151,'odymock46@bluehost.com','Miboo','928-806-1073',151,151,'2021-10-06 00:00:00'),(152,'etop47@hhs.gov','Gigashots','224-262-3001',152,152,'2022-03-22 00:00:00'),(153,'lrockell48@chicagotribune.com','Gabtype','202-159-2292',153,153,'2021-09-20 00:00:00'),(154,'nhandover49@dion.ne.jp','Dabshots','240-837-9766',154,154,'2022-02-03 00:00:00'),(155,'nnutbrown4a@pinterest.com','Twitterbridge','227-468-3122',155,155,'2022-02-05 00:00:00'),(156,'emcnickle4b@freewebs.com','Trilia','106-812-0437',156,156,'2022-01-14 00:00:00'),(157,'kfeldhammer4c@army.mil','Realmix','965-409-8783',157,157,'2022-04-06 00:00:00'),(158,'kwakenshaw4d@disqus.com','Quatz','789-905-2709',158,158,'2021-12-21 00:00:00'),(159,'jswindle4e@homestead.com','Viva','261-347-0584',159,159,'2021-09-21 00:00:00'),(160,'esimison4f@indiegogo.com','Wordpedia','435-648-7279',160,160,'2021-11-16 00:00:00'),(161,'asangwin4g@yellowbook.com','Dabfeed','584-285-1285',161,161,'2021-11-17 00:00:00'),(162,'wbillinge4h@spiegel.de','Demimbu','902-215-0247',162,162,'2022-03-12 00:00:00'),(163,'hsjollema4i@ocn.ne.jp','Yakitri','572-482-8397',163,163,'2021-12-31 00:00:00'),(164,'rmccromley4j@nymag.com','Gigashots','331-973-6338',164,164,'2021-07-14 00:00:00'),(165,'mcrasswell4k@mac.com','Edgepulse','473-735-7440',165,165,'2021-05-21 00:00:00'),(166,'sburberye4l@stanford.edu','Teklist','445-448-1878',166,166,'2022-01-05 00:00:00'),(167,'gbreffit4m@etsy.com','LiveZ','796-161-5508',167,167,'2021-07-14 00:00:00'),(168,'dragles4n@domainmarket.com','Kanoodle','550-655-1782',168,168,'2021-08-28 00:00:00'),(169,'goventon4o@cnn.com','Skinte','870-858-3407',169,169,'2022-03-03 00:00:00'),(170,'psummerside4p@eepurl.com','Jabberbean','853-135-7757',170,170,'2021-07-09 00:00:00'),(171,'asplevings4q@last.fm','Innojam','621-935-6930',171,171,'2022-02-18 00:00:00'),(172,'kbutterfint4r@berkeley.edu','Zoomcast','946-354-3729',172,172,'2022-04-19 00:00:00'),(173,'jdunkirk4s@github.io','JumpXS','797-840-0890',173,173,'2021-11-07 00:00:00'),(174,'pdiggar4t@yellowpages.com','Meetz','912-704-3510',174,174,'2021-09-24 00:00:00'),(175,'apennoni4u@liveinternet.ru','Myworks','406-656-8094',175,175,'2022-03-18 00:00:00'),(176,'pruddom4v@flavors.me','Demizz','207-434-4194',176,176,'2022-04-10 00:00:00'),(177,'emackay4w@wiley.com','Skimia','475-369-3424',177,177,'2021-06-08 00:00:00'),(178,'arisby4x@nifty.com','Dynabox','525-620-4026',178,178,'2021-10-14 00:00:00'),(179,'awillox4y@whitehouse.gov','Brainlounge','244-946-4966',179,179,'2021-10-12 00:00:00'),(180,'edelacoste4z@unblog.fr','Divanoodle','192-825-2969',180,180,'2021-07-25 00:00:00'),(181,'rverillo50@e-recht24.de','Jabberstorm','364-399-4902',181,181,'2021-12-28 00:00:00'),(182,'jpeskin51@prweb.com','Thoughtmix','675-707-9710',182,182,'2021-09-21 00:00:00'),(183,'fzanolli52@walmart.com','Kwideo','353-260-2577',183,183,'2021-11-01 00:00:00'),(184,'cslisby53@merriam-webster.com','Skajo','887-265-1310',184,184,'2022-01-13 00:00:00'),(185,'dkennaway54@oaic.gov.au','Twimbo','664-612-2974',185,185,'2022-02-26 00:00:00'),(186,'vsigfrid55@vimeo.com','Omba','130-445-1234',186,186,'2021-07-21 00:00:00'),(187,'rbeagen56@imdb.com','Dynabox','762-549-1291',187,187,'2021-11-13 00:00:00'),(188,'aching57@arizona.edu','Fanoodle','537-554-9018',188,188,'2021-12-01 00:00:00'),(189,'aranstead58@godaddy.com','Eabox','926-780-7424',189,189,'2022-02-23 00:00:00'),(190,'hosullivan59@irs.gov','Rhyzio','111-464-4749',190,190,'2021-10-20 00:00:00'),(191,'vreading5a@youtube.com','Jazzy','440-355-5552',191,191,'2021-09-26 00:00:00'),(192,'wastle5b@paypal.com','Bubblebox','192-751-4263',192,192,'2021-08-10 00:00:00'),(193,'cpeerless5c@illinois.edu','Thoughtstorm','397-914-9401',193,193,'2021-11-11 00:00:00'),(194,'ckonert5d@miibeian.gov.cn','Yata','659-754-7725',194,194,'2022-03-03 00:00:00'),(195,'rmillimoe5e@hhs.gov','Flashdog','342-103-9806',195,195,'2021-11-05 00:00:00'),(196,'eeathorne5f@mapquest.com','Linkbuzz','127-659-3687',196,196,'2022-04-07 00:00:00'),(197,'dadanez5g@meetup.com','Pixope','132-120-9433',197,197,'2021-06-05 00:00:00'),(198,'ryesipov5h@ted.com','Linkbuzz','920-132-1512',198,198,'2021-05-08 00:00:00'),(199,'wtinn5i@ezinearticles.com','Brightbean','759-559-3775',199,199,'2022-03-03 00:00:00'),(200,'jwestern5j@blogger.com','Feedfire','219-884-0376',200,200,'2021-10-25 00:00:00');
/*!40000 ALTER TABLE `employer` ENABLE KEYS */;
UNLOCK TABLES;


LOCK TABLES `roles` WRITE;
/*!40000 ALTER TABLE `roles` DISABLE KEYS */;
INSERT INTO `roles` VALUES (1,'Construction Worker','2022-01-26 00:00:00'),(2,'Construction Worker','2021-11-15 00:00:00'),(3,'Subcontractor','2021-05-17 00:00:00'),(4,'Project Manager','2021-12-02 00:00:00'),(5,'Electrician','2021-10-07 00:00:00'),(6,'Construction Foreman','2021-05-28 00:00:00'),(7,'Project Manager','2021-07-28 00:00:00'),(8,'Construction Expeditor','2022-01-28 00:00:00'),(9,'Project Manager','2021-08-31 00:00:00'),(10,'Architect','2021-06-05 00:00:00'),(11,'Subcontractor','2021-05-14 00:00:00'),(12,'Engineer','2021-08-29 00:00:00'),(13,'Supervisor','2021-12-31 00:00:00'),(14,'Construction Expeditor','2021-09-22 00:00:00'),(15,'Construction Foreman','2021-09-08 00:00:00'),(16,'Construction Expeditor','2021-09-22 00:00:00'),(17,'Estimator','2021-08-06 00:00:00'),(18,'Construction Manager','2021-06-10 00:00:00'),(19,'Architect','2022-02-25 00:00:00'),(20,'Subcontractor','2022-01-15 00:00:00'),(21,'Engineer','2021-07-24 00:00:00'),(22,'Electrician','2022-01-08 00:00:00'),(23,'Project Manager','2021-08-23 00:00:00'),(24,'Supervisor','2021-08-02 00:00:00'),(25,'Electrician','2022-01-13 00:00:00'),(26,'Construction Foreman','2021-09-16 00:00:00'),(27,'Surveyor','2022-02-21 00:00:00'),(28,'Engineer','2021-06-05 00:00:00'),(29,'Construction Foreman','2022-03-29 00:00:00'),(30,'Construction Foreman','2021-12-04 00:00:00'),(31,'Subcontractor','2021-11-04 00:00:00'),(32,'Supervisor','2021-12-10 00:00:00'),(33,'Surveyor','2022-04-10 00:00:00'),(34,'Construction Manager','2021-11-01 00:00:00'),(35,'Construction Worker','2022-05-01 00:00:00'),(36,'Construction Expeditor','2021-10-15 00:00:00'),(37,'Construction Worker','2022-04-01 00:00:00'),(38,'Construction Foreman','2022-03-14 00:00:00'),(39,'Electrician','2021-07-20 00:00:00'),(40,'Engineer','2021-08-27 00:00:00'),(41,'Construction Expeditor','2022-01-03 00:00:00'),(42,'Construction Foreman','2022-04-12 00:00:00'),(43,'Electrician','2021-10-04 00:00:00'),(44,'Project Manager','2021-05-22 00:00:00'),(45,'Estimator','2021-12-07 00:00:00'),(46,'Construction Worker','2021-10-18 00:00:00'),(47,'Estimator','2022-02-23 00:00:00'),(48,'Engineer','2021-11-15 00:00:00'),(49,'Construction Foreman','2021-05-03 00:00:00'),(50,'Electrician','2021-11-14 00:00:00'),(51,'Surveyor','2021-05-17 00:00:00'),(52,'Subcontractor','2021-06-18 00:00:00'),(53,'Construction Manager','2022-03-22 00:00:00'),(54,'Estimator','2022-04-19 00:00:00'),(55,'Subcontractor','2021-07-14 00:00:00'),(56,'Estimator','2021-10-11 00:00:00'),(57,'Electrician','2022-02-16 00:00:00'),(58,'Construction Foreman','2021-05-08 00:00:00'),(59,'Project Manager','2021-08-03 00:00:00'),(60,'Subcontractor','2021-10-28 00:00:00'),(61,'Estimator','2022-03-18 00:00:00'),(62,'Estimator','2021-09-03 00:00:00'),(63,'Electrician','2021-10-02 00:00:00'),(64,'Construction Worker','2021-10-01 00:00:00'),(65,'Electrician','2021-06-19 00:00:00'),(66,'Construction Foreman','2021-12-17 00:00:00'),(67,'Subcontractor','2021-11-20 00:00:00'),(68,'Project Manager','2021-09-07 00:00:00'),(69,'Construction Foreman','2022-01-29 00:00:00'),(70,'Construction Worker','2022-01-23 00:00:00'),(71,'Electrician','2021-12-04 00:00:00'),(72,'Estimator','2022-03-16 00:00:00'),(73,'Architect','2021-09-28 00:00:00'),(74,'Construction Manager','2021-12-15 00:00:00'),(75,'Construction Manager','2022-01-24 00:00:00'),(76,'Construction Worker','2022-04-07 00:00:00'),(77,'Estimator','2021-08-20 00:00:00'),(78,'Surveyor','2021-11-15 00:00:00'),(79,'Construction Worker','2021-09-20 00:00:00'),(80,'Estimator','2021-10-22 00:00:00'),(81,'Supervisor','2022-04-25 00:00:00'),(82,'Electrician','2022-02-22 00:00:00'),(83,'Architect','2021-10-16 00:00:00'),(84,'Subcontractor','2021-06-08 00:00:00'),(85,'Surveyor','2021-10-02 00:00:00'),(86,'Surveyor','2021-08-18 00:00:00'),(87,'Electrician','2021-09-07 00:00:00'),(88,'Architect','2021-08-20 00:00:00'),(89,'Subcontractor','2021-08-26 00:00:00'),(90,'Architect','2021-05-07 00:00:00'),(91,'Project Manager','2021-09-25 00:00:00'),(92,'Project Manager','2021-11-10 00:00:00'),(93,'Supervisor','2022-03-04 00:00:00'),(94,'Construction Foreman','2022-02-10 00:00:00'),(95,'Electrician','2021-12-05 00:00:00'),(96,'Surveyor','2021-12-23 00:00:00'),(97,'Supervisor','2021-08-24 00:00:00'),(98,'Construction Manager','2022-03-25 00:00:00'),(99,'Surveyor','2022-02-25 00:00:00'),(100,'Project Manager','2022-03-15 00:00:00'),(101,'Project Manager','2022-01-04 00:00:00'),(102,'Estimator','2022-02-28 00:00:00'),(103,'Estimator','2021-05-06 00:00:00'),(104,'Construction Manager','2022-03-30 00:00:00'),(105,'Project Manager','2021-10-15 00:00:00'),(106,'Construction Manager','2022-02-17 00:00:00'),(107,'Construction Foreman','2021-08-11 00:00:00'),(108,'Construction Foreman','2021-09-15 00:00:00'),(109,'Estimator','2021-12-30 00:00:00'),(110,'Architect','2021-11-23 00:00:00'),(111,'Project Manager','2022-02-06 00:00:00'),(112,'Construction Worker','2022-02-17 00:00:00'),(113,'Construction Worker','2021-06-23 00:00:00'),(114,'Surveyor','2021-08-24 00:00:00'),(115,'Subcontractor','2022-04-10 00:00:00'),(116,'Project Manager','2021-10-15 00:00:00'),(117,'Subcontractor','2022-01-07 00:00:00'),(118,'Subcontractor','2021-12-19 00:00:00'),(119,'Construction Expeditor','2021-10-15 00:00:00'),(120,'Engineer','2021-12-25 00:00:00'),(121,'Supervisor','2021-07-27 00:00:00'),(122,'Estimator','2021-09-08 00:00:00'),(123,'Electrician','2022-02-21 00:00:00'),(124,'Construction Foreman','2021-12-12 00:00:00'),(125,'Construction Foreman','2022-04-14 00:00:00'),(126,'Construction Manager','2021-09-22 00:00:00'),(127,'Construction Foreman','2021-12-12 00:00:00'),(128,'Estimator','2021-11-27 00:00:00'),(129,'Architect','2022-02-04 00:00:00'),(130,'Construction Manager','2021-10-28 00:00:00'),(131,'Construction Worker','2021-06-06 00:00:00'),(132,'Construction Manager','2021-05-20 00:00:00'),(133,'Engineer','2022-01-31 00:00:00'),(134,'Architect','2021-12-26 00:00:00'),(135,'Surveyor','2021-09-13 00:00:00'),(136,'Supervisor','2021-11-11 00:00:00'),(137,'Construction Expeditor','2021-08-02 00:00:00'),(138,'Subcontractor','2021-06-21 00:00:00'),(139,'Subcontractor','2021-05-12 00:00:00'),(140,'Electrician','2022-04-24 00:00:00'),(141,'Engineer','2021-12-22 00:00:00'),(142,'Construction Expeditor','2021-05-10 00:00:00'),(143,'Construction Worker','2021-08-16 00:00:00'),(144,'Surveyor','2021-08-20 00:00:00'),(145,'Engineer','2021-05-03 00:00:00'),(146,'Construction Foreman','2022-03-18 00:00:00'),(147,'Surveyor','2021-09-27 00:00:00'),(148,'Subcontractor','2022-01-10 00:00:00'),(149,'Surveyor','2021-11-08 00:00:00'),(150,'Construction Expeditor','2021-07-21 00:00:00'),(151,'Engineer','2021-07-09 00:00:00'),(152,'Construction Worker','2021-11-14 00:00:00'),(153,'Subcontractor','2021-05-11 00:00:00'),(154,'Project Manager','2021-08-22 00:00:00'),(155,'Supervisor','2021-07-09 00:00:00'),(156,'Estimator','2022-03-22 00:00:00'),(157,'Architect','2021-09-01 00:00:00'),(158,'Supervisor','2021-06-28 00:00:00'),(159,'Supervisor','2021-12-25 00:00:00'),(160,'Construction Worker','2021-07-30 00:00:00'),(161,'Estimator','2021-10-03 00:00:00'),(162,'Subcontractor','2022-01-17 00:00:00'),(163,'Architect','2021-07-28 00:00:00'),(164,'Construction Foreman','2021-05-27 00:00:00'),(165,'Estimator','2022-01-14 00:00:00'),(166,'Electrician','2022-02-23 00:00:00'),(167,'Construction Expeditor','2021-10-22 00:00:00'),(168,'Project Manager','2021-07-12 00:00:00'),(169,'Electrician','2021-07-15 00:00:00'),(170,'Supervisor','2021-07-03 00:00:00'),(171,'Subcontractor','2021-09-13 00:00:00'),(172,'Subcontractor','2021-07-15 00:00:00'),(173,'Construction Foreman','2022-03-03 00:00:00'),(174,'Electrician','2021-07-06 00:00:00'),(175,'Surveyor','2021-11-20 00:00:00'),(176,'Construction Foreman','2022-04-11 00:00:00'),(177,'Electrician','2022-01-05 00:00:00'),(178,'Construction Foreman','2021-08-12 00:00:00'),(179,'Engineer','2022-05-02 00:00:00'),(180,'Subcontractor','2021-07-30 00:00:00'),(181,'Surveyor','2021-07-09 00:00:00'),(182,'Engineer','2021-08-05 00:00:00'),(183,'Architect','2022-03-22 00:00:00'),(184,'Construction Manager','2021-12-07 00:00:00'),(185,'Supervisor','2022-01-29 00:00:00'),(186,'Engineer','2022-03-27 00:00:00'),(187,'Construction Foreman','2021-12-25 00:00:00'),(188,'Engineer','2021-08-31 00:00:00'),(189,'Engineer','2021-12-20 00:00:00'),(190,'Electrician','2021-12-04 00:00:00'),(191,'Construction Foreman','2021-07-20 00:00:00'),(192,'Project Manager','2021-08-08 00:00:00'),(193,'Project Manager','2022-02-09 00:00:00'),(194,'Architect','2021-09-12 00:00:00'),(195,'Subcontractor','2021-12-14 00:00:00'),(196,'Engineer','2021-09-01 00:00:00'),(197,'Construction Worker','2021-09-01 00:00:00'),(198,'Architect','2022-02-13 00:00:00'),(199,'Surveyor','2021-05-17 00:00:00'),(200,'Construction Manager','2022-01-18 00:00:00');
/*!40000 ALTER TABLE `roles` ENABLE KEYS */;
UNLOCK TABLES;


LOCK TABLES `employeradmin` WRITE;
/*!40000 ALTER TABLE `employeradmin` DISABLE KEYS */;
INSERT INTO `employeradmin` VALUES (1,1,1,'2021-12-31 00:00:00'),(2,2,2,'2021-07-25 00:00:00'),(3,3,3,'2021-09-16 00:00:00'),(4,4,4,'2021-07-30 00:00:00'),(5,5,5,'2022-04-23 00:00:00'),(6,6,6,'2021-09-15 00:00:00'),(7,7,7,'2022-04-05 00:00:00'),(8,8,8,'2021-11-23 00:00:00'),(9,9,9,'2022-04-01 00:00:00'),(10,10,10,'2021-05-28 00:00:00'),(11,11,11,'2021-05-18 00:00:00'),(12,12,12,'2022-04-16 00:00:00'),(13,13,13,'2022-01-22 00:00:00'),(14,14,14,'2021-11-17 00:00:00'),(15,15,15,'2022-03-26 00:00:00'),(16,16,16,'2021-06-10 00:00:00'),(17,17,17,'2021-08-09 00:00:00'),(18,18,18,'2021-12-15 00:00:00'),(19,19,19,'2021-05-22 00:00:00'),(20,20,20,'2021-08-24 00:00:00'),(21,21,21,'2021-11-14 00:00:00'),(22,22,22,'2022-01-16 00:00:00'),(23,23,23,'2022-02-11 00:00:00'),(24,24,24,'2021-07-12 00:00:00'),(25,25,25,'2021-05-28 00:00:00'),(26,26,26,'2021-12-22 00:00:00'),(27,27,27,'2021-05-12 00:00:00'),(28,28,28,'2022-01-29 00:00:00'),(29,29,29,'2021-12-27 00:00:00'),(30,30,30,'2022-03-05 00:00:00'),(31,31,31,'2021-10-09 00:00:00'),(32,32,32,'2022-04-30 00:00:00'),(33,33,33,'2021-09-18 00:00:00'),(34,34,34,'2022-02-06 00:00:00'),(35,35,35,'2022-03-17 00:00:00'),(36,36,36,'2021-05-21 00:00:00'),(37,37,37,'2021-10-15 00:00:00'),(38,38,38,'2022-04-06 00:00:00'),(39,39,39,'2021-09-03 00:00:00'),(40,40,40,'2022-04-29 00:00:00'),(41,41,41,'2021-09-24 00:00:00'),(42,42,42,'2022-01-04 00:00:00'),(43,43,43,'2021-11-22 00:00:00'),(44,44,44,'2021-10-04 00:00:00'),(45,45,45,'2021-06-04 00:00:00'),(46,46,46,'2021-05-23 00:00:00'),(47,47,47,'2021-08-22 00:00:00'),(48,48,48,'2022-01-13 00:00:00'),(49,49,49,'2022-02-20 00:00:00'),(50,50,50,'2021-05-16 00:00:00'),(51,51,51,'2021-10-17 00:00:00'),(52,52,52,'2022-01-25 00:00:00'),(53,53,53,'2022-05-02 00:00:00'),(54,54,54,'2021-05-09 00:00:00'),(55,55,55,'2021-09-19 00:00:00'),(56,56,56,'2021-08-17 00:00:00'),(57,57,57,'2021-08-17 00:00:00'),(58,58,58,'2021-09-11 00:00:00'),(59,59,59,'2021-10-23 00:00:00'),(60,60,60,'2022-03-01 00:00:00'),(61,61,61,'2021-05-10 00:00:00'),(62,62,62,'2021-08-05 00:00:00'),(63,63,63,'2022-02-17 00:00:00'),(64,64,64,'2022-05-02 00:00:00'),(65,65,65,'2022-04-26 00:00:00'),(66,66,66,'2021-07-14 00:00:00'),(67,67,67,'2021-05-10 00:00:00'),(68,68,68,'2021-09-11 00:00:00'),(69,69,69,'2021-05-05 00:00:00'),(70,70,70,'2021-07-04 00:00:00'),(71,71,71,'2022-01-19 00:00:00'),(72,72,72,'2022-03-12 00:00:00'),(73,73,73,'2021-11-21 00:00:00'),(74,74,74,'2021-12-24 00:00:00'),(75,75,75,'2021-12-02 00:00:00'),(76,76,76,'2022-04-03 00:00:00'),(77,77,77,'2021-05-27 00:00:00'),(78,78,78,'2021-06-03 00:00:00'),(79,79,79,'2021-11-23 00:00:00'),(80,80,80,'2021-09-21 00:00:00'),(81,81,81,'2022-01-22 00:00:00'),(82,82,82,'2021-07-07 00:00:00'),(83,83,83,'2022-04-01 00:00:00'),(84,84,84,'2022-01-27 00:00:00'),(85,85,85,'2022-03-19 00:00:00'),(86,86,86,'2021-12-08 00:00:00'),(87,87,87,'2022-03-01 00:00:00'),(88,88,88,'2021-06-11 00:00:00'),(89,89,89,'2021-07-27 00:00:00'),(90,90,90,'2022-04-21 00:00:00'),(91,91,91,'2022-04-13 00:00:00'),(92,92,92,'2021-06-25 00:00:00'),(93,93,93,'2022-03-27 00:00:00'),(94,94,94,'2021-12-23 00:00:00'),(95,95,95,'2022-01-17 00:00:00'),(96,96,96,'2022-02-23 00:00:00'),(97,97,97,'2022-03-10 00:00:00'),(98,98,98,'2022-02-01 00:00:00'),(99,99,99,'2021-08-16 00:00:00'),(100,100,100,'2022-03-11 00:00:00'),(101,101,101,'2021-08-30 00:00:00'),(102,102,102,'2021-07-04 00:00:00'),(103,103,103,'2022-03-14 00:00:00'),(104,104,104,'2021-10-04 00:00:00'),(105,105,105,'2022-02-20 00:00:00'),(106,106,106,'2022-03-08 00:00:00'),(107,107,107,'2021-10-06 00:00:00'),(108,108,108,'2021-10-14 00:00:00'),(109,109,109,'2021-06-30 00:00:00'),(110,110,110,'2021-06-16 00:00:00'),(111,111,111,'2022-03-29 00:00:00'),(112,112,112,'2021-06-01 00:00:00'),(113,113,113,'2021-11-02 00:00:00'),(114,114,114,'2021-10-07 00:00:00'),(115,115,115,'2021-05-06 00:00:00'),(116,116,116,'2021-12-27 00:00:00'),(117,117,117,'2021-10-05 00:00:00'),(118,118,118,'2022-04-03 00:00:00'),(119,119,119,'2022-01-15 00:00:00'),(120,120,120,'2022-04-22 00:00:00'),(121,121,121,'2021-07-16 00:00:00'),(122,122,122,'2021-09-05 00:00:00'),(123,123,123,'2021-06-15 00:00:00'),(124,124,124,'2021-09-24 00:00:00'),(125,125,125,'2021-07-04 00:00:00'),(126,126,126,'2021-12-03 00:00:00'),(127,127,127,'2021-07-15 00:00:00'),(128,128,128,'2022-02-03 00:00:00'),(129,129,129,'2021-12-18 00:00:00'),(130,130,130,'2021-05-11 00:00:00'),(131,131,131,'2021-08-27 00:00:00'),(132,132,132,'2021-06-07 00:00:00'),(133,133,133,'2021-05-28 00:00:00'),(134,134,134,'2021-09-28 00:00:00'),(135,135,135,'2022-04-26 00:00:00'),(136,136,136,'2022-05-02 00:00:00'),(137,137,137,'2021-12-18 00:00:00'),(138,138,138,'2021-06-30 00:00:00'),(139,139,139,'2021-12-05 00:00:00'),(140,140,140,'2022-04-11 00:00:00'),(141,141,141,'2021-08-25 00:00:00'),(142,142,142,'2022-03-29 00:00:00'),(143,143,143,'2021-12-03 00:00:00'),(144,144,144,'2022-01-14 00:00:00'),(145,145,145,'2021-05-05 00:00:00'),(146,146,146,'2021-09-06 00:00:00'),(147,147,147,'2022-05-01 00:00:00'),(148,148,148,'2022-02-11 00:00:00'),(149,149,149,'2021-05-14 00:00:00'),(150,150,150,'2022-01-19 00:00:00'),(151,151,151,'2021-12-07 00:00:00'),(152,152,152,'2021-12-10 00:00:00'),(153,153,153,'2021-07-10 00:00:00'),(154,154,154,'2021-09-25 00:00:00'),(155,155,155,'2022-04-08 00:00:00'),(156,156,156,'2021-10-07 00:00:00'),(157,157,157,'2021-06-17 00:00:00'),(158,158,158,'2022-04-06 00:00:00'),(159,159,159,'2021-06-11 00:00:00'),(160,160,160,'2021-06-28 00:00:00'),(161,161,161,'2021-08-08 00:00:00'),(162,162,162,'2021-05-13 00:00:00'),(163,163,163,'2021-09-15 00:00:00'),(164,164,164,'2021-09-01 00:00:00'),(165,165,165,'2021-06-06 00:00:00'),(166,166,166,'2021-11-01 00:00:00'),(167,167,167,'2022-02-09 00:00:00'),(168,168,168,'2021-07-02 00:00:00'),(169,169,169,'2021-07-16 00:00:00'),(170,170,170,'2022-03-31 00:00:00'),(171,171,171,'2022-04-15 00:00:00'),(172,172,172,'2021-09-30 00:00:00'),(173,173,173,'2021-07-31 00:00:00'),(174,174,174,'2021-06-09 00:00:00'),(175,175,175,'2022-02-12 00:00:00'),(176,176,176,'2022-01-26 00:00:00'),(177,177,177,'2021-06-08 00:00:00'),(178,178,178,'2022-04-04 00:00:00'),(179,179,179,'2021-11-23 00:00:00'),(180,180,180,'2022-02-23 00:00:00'),(181,181,181,'2021-08-13 00:00:00'),(182,182,182,'2021-11-21 00:00:00'),(183,183,183,'2022-01-20 00:00:00'),(184,184,184,'2021-09-21 00:00:00'),(185,185,185,'2022-04-24 00:00:00'),(186,186,186,'2021-12-21 00:00:00'),(187,187,187,'2021-12-24 00:00:00'),(188,188,188,'2022-02-23 00:00:00'),(189,189,189,'2021-06-07 00:00:00'),(190,190,190,'2021-10-05 00:00:00'),(191,191,191,'2021-10-22 00:00:00'),(192,192,192,'2021-12-30 00:00:00'),(193,193,193,'2021-11-20 00:00:00'),(194,194,194,'2021-07-01 00:00:00'),(195,195,195,'2021-05-12 00:00:00'),(196,196,196,'2022-03-04 00:00:00'),(197,197,197,'2021-06-09 00:00:00'),(198,198,198,'2021-06-21 00:00:00'),(199,199,199,'2022-01-13 00:00:00'),(200,200,200,'2022-03-23 00:00:00');
/*!40000 ALTER TABLE `employeradmin` ENABLE KEYS */;
UNLOCK TABLES;


LOCK TABLES `benefitsoffered` WRITE;
/*!40000 ALTER TABLE `benefitsoffered` DISABLE KEYS */;
INSERT INTO `benefitsoffered` VALUES (1,'Paid Medical Leave','2022-03-10 00:00:00'),(2,'Paid Medical Leave','2021-05-19 00:00:00'),(3,'Paid Vacation','2022-04-11 00:00:00'),(4,'Health Insurance','2022-04-18 00:00:00'),(5,'Paid Vacation','2021-08-28 00:00:00'),(6,'Health Insurance','2022-03-27 00:00:00'),(7,'Health Insurance','2021-06-22 00:00:00'),(8,'Paid Medical Leave','2022-03-02 00:00:00'),(9,'Paid Vacation','2021-05-09 00:00:00'),(10,'Health Insurance','2022-01-06 00:00:00'),(11,'Paid Vacation','2021-11-18 00:00:00'),(12,'Paid Medical Leave','2021-06-17 00:00:00'),(13,'Paid Vacation','2021-09-11 00:00:00'),(14,'Health Insurance','2021-07-21 00:00:00'),(15,'Paid Vacation','2022-04-12 00:00:00'),(16,'Health Insurance','2021-06-28 00:00:00'),(17,'Health Insurance','2021-05-26 00:00:00'),(18,'Paid Medical Leave','2021-09-27 00:00:00'),(19,'Paid Medical Leave','2021-05-26 00:00:00'),(20,'Paid Vacation','2021-10-28 00:00:00'),(21,'Health Insurance','2021-07-31 00:00:00'),(22,'Paid Medical Leave','2022-03-18 00:00:00'),(23,'Paid Medical Leave','2022-02-17 00:00:00'),(24,'Paid Medical Leave','2021-10-08 00:00:00'),(25,'Health Insurance','2021-08-08 00:00:00'),(26,'Health Insurance','2021-11-28 00:00:00'),(27,'Paid Medical Leave','2021-07-24 00:00:00'),(28,'Health Insurance','2022-05-01 00:00:00'),(29,'Paid Vacation','2022-02-16 00:00:00'),(30,'Paid Medical Leave','2022-04-15 00:00:00'),(31,'Paid Vacation','2021-12-16 00:00:00'),(32,'Health Insurance','2021-05-12 00:00:00'),(33,'Paid Vacation','2021-11-09 00:00:00'),(34,'Paid Medical Leave','2021-06-29 00:00:00'),(35,'Health Insurance','2021-10-23 00:00:00'),(36,'Paid Medical Leave','2022-01-02 00:00:00'),(37,'Paid Medical Leave','2021-06-09 00:00:00'),(38,'Paid Vacation','2021-08-12 00:00:00'),(39,'Health Insurance','2021-08-09 00:00:00'),(40,'Paid Medical Leave','2021-07-16 00:00:00'),(41,'Paid Vacation','2022-01-12 00:00:00'),(42,'Paid Vacation','2021-06-16 00:00:00'),(43,'Paid Vacation','2021-09-27 00:00:00'),(44,'Paid Medical Leave','2022-02-28 00:00:00'),(45,'Paid Medical Leave','2022-03-25 00:00:00'),(46,'Paid Vacation','2021-08-04 00:00:00'),(47,'Health Insurance','2021-06-23 00:00:00'),(48,'Paid Vacation','2022-01-03 00:00:00'),(49,'Health Insurance','2021-05-11 00:00:00'),(50,'Paid Medical Leave','2022-01-06 00:00:00'),(51,'Paid Vacation','2021-12-01 00:00:00'),(52,'Health Insurance','2021-12-02 00:00:00'),(53,'Health Insurance','2021-06-24 00:00:00'),(54,'Health Insurance','2022-04-14 00:00:00'),(55,'Paid Medical Leave','2022-03-15 00:00:00'),(56,'Paid Vacation','2021-08-27 00:00:00'),(57,'Paid Medical Leave','2022-01-07 00:00:00'),(58,'Paid Medical Leave','2021-09-09 00:00:00'),(59,'Paid Medical Leave','2021-11-01 00:00:00'),(60,'Paid Vacation','2021-05-13 00:00:00'),(61,'Paid Medical Leave','2021-06-05 00:00:00'),(62,'Health Insurance','2021-11-26 00:00:00'),(63,'Health Insurance','2021-12-24 00:00:00'),(64,'Health Insurance','2021-05-16 00:00:00'),(65,'Paid Vacation','2021-06-11 00:00:00'),(66,'Paid Vacation','2022-01-01 00:00:00'),(67,'Paid Medical Leave','2021-08-01 00:00:00'),(68,'Paid Medical Leave','2021-12-06 00:00:00'),(69,'Paid Medical Leave','2021-10-24 00:00:00'),(70,'Health Insurance','2021-11-11 00:00:00'),(71,'Paid Medical Leave','2021-05-16 00:00:00'),(72,'Health Insurance','2021-12-27 00:00:00'),(73,'Paid Medical Leave','2021-06-02 00:00:00'),(74,'Paid Medical Leave','2022-02-27 00:00:00'),(75,'Paid Vacation','2021-06-27 00:00:00'),(76,'Health Insurance','2022-04-15 00:00:00'),(77,'Health Insurance','2022-01-30 00:00:00'),(78,'Paid Medical Leave','2021-09-10 00:00:00'),(79,'Paid Vacation','2021-11-09 00:00:00'),(80,'Paid Vacation','2022-02-11 00:00:00'),(81,'Paid Vacation','2021-06-02 00:00:00'),(82,'Paid Medical Leave','2021-11-01 00:00:00'),(83,'Paid Medical Leave','2022-02-13 00:00:00'),(84,'Paid Vacation','2021-10-27 00:00:00'),(85,'Paid Vacation','2021-05-08 00:00:00'),(86,'Paid Medical Leave','2022-02-05 00:00:00'),(87,'Health Insurance','2021-07-15 00:00:00'),(88,'Paid Medical Leave','2022-01-24 00:00:00'),(89,'Paid Vacation','2021-10-09 00:00:00'),(90,'Health Insurance','2022-01-13 00:00:00'),(91,'Paid Medical Leave','2022-02-16 00:00:00'),(92,'Paid Vacation','2021-12-13 00:00:00'),(93,'Health Insurance','2021-10-27 00:00:00'),(94,'Paid Medical Leave','2021-12-11 00:00:00'),(95,'Health Insurance','2021-10-12 00:00:00'),(96,'Health Insurance','2021-12-09 00:00:00'),(97,'Paid Medical Leave','2022-02-01 00:00:00'),(98,'Paid Medical Leave','2021-08-03 00:00:00'),(99,'Paid Vacation','2021-10-12 00:00:00'),(100,'Health Insurance','2022-01-29 00:00:00'),(101,'Health Insurance','2021-09-19 00:00:00'),(102,'Health Insurance','2021-07-27 00:00:00'),(103,'Paid Medical Leave','2021-05-13 00:00:00'),(104,'Paid Medical Leave','2021-09-19 00:00:00'),(105,'Health Insurance','2021-08-20 00:00:00'),(106,'Paid Medical Leave','2021-09-20 00:00:00'),(107,'Paid Medical Leave','2021-06-28 00:00:00'),(108,'Paid Vacation','2021-06-29 00:00:00'),(109,'Paid Medical Leave','2021-12-26 00:00:00'),(110,'Paid Vacation','2021-12-28 00:00:00'),(111,'Health Insurance','2021-07-20 00:00:00'),(112,'Paid Vacation','2022-01-17 00:00:00'),(113,'Paid Vacation','2021-11-27 00:00:00'),(114,'Health Insurance','2021-10-09 00:00:00'),(115,'Paid Medical Leave','2022-01-27 00:00:00'),(116,'Health Insurance','2021-11-15 00:00:00'),(117,'Paid Vacation','2021-10-25 00:00:00'),(118,'Paid Medical Leave','2022-04-25 00:00:00'),(119,'Health Insurance','2021-10-25 00:00:00'),(120,'Paid Medical Leave','2021-10-16 00:00:00'),(121,'Health Insurance','2021-05-09 00:00:00'),(122,'Paid Vacation','2021-10-19 00:00:00'),(123,'Paid Vacation','2021-12-26 00:00:00'),(124,'Paid Medical Leave','2021-10-06 00:00:00'),(125,'Health Insurance','2021-05-29 00:00:00'),(126,'Health Insurance','2022-02-06 00:00:00'),(127,'Health Insurance','2022-03-14 00:00:00'),(128,'Health Insurance','2022-04-25 00:00:00'),(129,'Paid Medical Leave','2021-09-11 00:00:00'),(130,'Paid Medical Leave','2021-05-29 00:00:00'),(131,'Health Insurance','2021-08-31 00:00:00'),(132,'Paid Medical Leave','2021-11-05 00:00:00'),(133,'Paid Vacation','2022-01-18 00:00:00'),(134,'Health Insurance','2022-04-04 00:00:00'),(135,'Paid Medical Leave','2021-10-26 00:00:00'),(136,'Health Insurance','2021-07-04 00:00:00'),(137,'Paid Medical Leave','2021-10-13 00:00:00'),(138,'Paid Vacation','2022-01-12 00:00:00'),(139,'Paid Medical Leave','2022-04-28 00:00:00'),(140,'Health Insurance','2021-07-06 00:00:00'),(141,'Paid Vacation','2021-12-05 00:00:00'),(142,'Health Insurance','2021-10-26 00:00:00'),(143,'Paid Medical Leave','2021-09-20 00:00:00'),(144,'Health Insurance','2022-01-17 00:00:00'),(145,'Health Insurance','2021-11-16 00:00:00'),(146,'Paid Vacation','2021-11-17 00:00:00'),(147,'Health Insurance','2021-06-16 00:00:00'),(148,'Paid Vacation','2021-11-22 00:00:00'),(149,'Paid Vacation','2022-04-11 00:00:00'),(150,'Paid Medical Leave','2021-07-06 00:00:00'),(151,'Health Insurance','2021-09-15 00:00:00'),(152,'Health Insurance','2022-02-12 00:00:00'),(153,'Paid Medical Leave','2021-12-18 00:00:00'),(154,'Paid Medical Leave','2021-10-27 00:00:00'),(155,'Health Insurance','2022-02-10 00:00:00'),(156,'Paid Vacation','2021-06-28 00:00:00'),(157,'Paid Vacation','2021-06-07 00:00:00'),(158,'Paid Vacation','2021-11-02 00:00:00'),(159,'Health Insurance','2021-08-06 00:00:00'),(160,'Paid Medical Leave','2021-11-17 00:00:00'),(161,'Paid Medical Leave','2021-09-08 00:00:00'),(162,'Paid Medical Leave','2021-07-30 00:00:00'),(163,'Paid Medical Leave','2021-08-17 00:00:00'),(164,'Paid Vacation','2021-11-25 00:00:00'),(165,'Health Insurance','2021-08-06 00:00:00'),(166,'Paid Medical Leave','2021-05-13 00:00:00'),(167,'Paid Vacation','2021-09-20 00:00:00'),(168,'Paid Medical Leave','2021-07-04 00:00:00'),(169,'Health Insurance','2021-11-16 00:00:00'),(170,'Paid Medical Leave','2022-03-06 00:00:00'),(171,'Paid Vacation','2021-11-05 00:00:00'),(172,'Paid Medical Leave','2022-04-09 00:00:00'),(173,'Health Insurance','2021-12-03 00:00:00'),(174,'Paid Vacation','2021-08-17 00:00:00'),(175,'Health Insurance','2021-10-16 00:00:00'),(176,'Health Insurance','2021-12-02 00:00:00'),(177,'Paid Vacation','2022-02-19 00:00:00'),(178,'Paid Vacation','2022-03-12 00:00:00'),(179,'Paid Vacation','2022-01-27 00:00:00'),(180,'Health Insurance','2021-11-23 00:00:00'),(181,'Health Insurance','2022-02-06 00:00:00'),(182,'Paid Medical Leave','2022-02-13 00:00:00'),(183,'Paid Vacation','2021-11-30 00:00:00'),(184,'Paid Medical Leave','2021-07-25 00:00:00'),(185,'Paid Medical Leave','2021-12-04 00:00:00'),(186,'Paid Vacation','2021-09-20 00:00:00'),(187,'Paid Vacation','2021-10-13 00:00:00'),(188,'Health Insurance','2021-08-07 00:00:00'),(189,'Health Insurance','2021-09-16 00:00:00'),(190,'Health Insurance','2022-02-23 00:00:00'),(191,'Health Insurance','2021-05-03 00:00:00'),(192,'Paid Vacation','2021-06-18 00:00:00'),(193,'Paid Medical Leave','2021-05-28 00:00:00'),(194,'Paid Vacation','2021-08-22 00:00:00'),(195,'Paid Vacation','2022-01-03 00:00:00'),(196,'Health Insurance','2021-12-14 00:00:00'),(197,'Paid Vacation','2021-12-25 00:00:00'),(198,'Paid Medical Leave','2021-11-14 00:00:00'),(199,'Paid Vacation','2021-10-24 00:00:00'),(200,'Health Insurance','2022-02-07 00:00:00');
/*!40000 ALTER TABLE `benefitsoffered` ENABLE KEYS */;
UNLOCK TABLES;


LOCK TABLES `applicationstatus` WRITE;
/*!40000 ALTER TABLE `applicationstatus` DISABLE KEYS */;
INSERT INTO `applicationstatus` VALUES (1,'Hired','2021-07-29 00:00:00'),(2,'In Progress','2022-04-21 00:00:00'),(3,'In Progress','2022-02-22 00:00:00'),(4,'In Progress','2021-12-02 00:00:00'),(5,'Hired','2021-10-23 00:00:00'),(6,'Hired','2022-04-24 00:00:00'),(7,'Closed','2022-04-03 00:00:00'),(8,'Hired','2021-06-11 00:00:00'),(9,'Closed','2022-01-12 00:00:00'),(10,'Closed','2021-12-02 00:00:00'),(11,'In Progress','2021-11-15 00:00:00'),(12,'In Progress','2022-02-06 00:00:00'),(13,'Hired','2021-06-24 00:00:00'),(14,'Hired','2021-07-14 00:00:00'),(15,'Hired','2021-06-18 00:00:00'),(16,'In Progress','2021-07-24 00:00:00'),(17,'Hired','2021-11-24 00:00:00'),(18,'In Progress','2021-07-13 00:00:00'),(19,'In Progress','2021-06-14 00:00:00'),(20,'Hired','2021-10-22 00:00:00'),(21,'In Progress','2021-06-12 00:00:00'),(22,'Hired','2021-09-05 00:00:00'),(23,'Hired','2022-03-26 00:00:00'),(24,'Hired','2022-03-04 00:00:00'),(25,'In Progress','2021-07-10 00:00:00'),(26,'In Progress','2022-02-18 00:00:00'),(27,'Closed','2022-01-23 00:00:00'),(28,'Closed','2021-07-03 00:00:00'),(29,'In Progress','2021-12-04 00:00:00'),(30,'Hired','2021-05-22 00:00:00'),(31,'In Progress','2022-02-02 00:00:00'),(32,'Hired','2022-02-05 00:00:00'),(33,'Closed','2021-09-03 00:00:00'),(34,'Hired','2022-02-05 00:00:00'),(35,'Closed','2022-03-18 00:00:00'),(36,'Hired','2022-03-10 00:00:00'),(37,'Closed','2022-01-10 00:00:00'),(38,'Hired','2021-09-22 00:00:00'),(39,'Closed','2022-01-22 00:00:00'),(40,'Closed','2021-07-19 00:00:00'),(41,'Hired','2022-03-07 00:00:00'),(42,'In Progress','2021-11-27 00:00:00'),(43,'In Progress','2022-03-30 00:00:00'),(44,'Hired','2021-05-08 00:00:00'),(45,'Closed','2021-10-20 00:00:00'),(46,'Closed','2021-10-01 00:00:00'),(47,'In Progress','2021-08-04 00:00:00'),(48,'In Progress','2021-11-20 00:00:00'),(49,'Closed','2021-09-03 00:00:00'),(50,'In Progress','2022-02-18 00:00:00'),(51,'In Progress','2021-06-24 00:00:00'),(52,'Closed','2022-02-28 00:00:00'),(53,'Hired','2022-03-10 00:00:00'),(54,'Hired','2021-11-13 00:00:00'),(55,'In Progress','2021-07-06 00:00:00'),(56,'Hired','2021-11-14 00:00:00'),(57,'In Progress','2022-02-07 00:00:00'),(58,'Closed','2021-11-06 00:00:00'),(59,'Hired','2022-03-11 00:00:00'),(60,'In Progress','2022-01-31 00:00:00'),(61,'Closed','2021-10-22 00:00:00'),(62,'In Progress','2022-03-14 00:00:00'),(63,'Closed','2021-11-14 00:00:00'),(64,'In Progress','2022-03-01 00:00:00'),(65,'Closed','2022-01-04 00:00:00'),(66,'Closed','2021-10-30 00:00:00'),(67,'Hired','2021-07-18 00:00:00'),(68,'In Progress','2021-09-04 00:00:00'),(69,'Closed','2021-07-13 00:00:00'),(70,'In Progress','2021-06-24 00:00:00'),(71,'In Progress','2022-02-13 00:00:00'),(72,'Closed','2022-01-18 00:00:00'),(73,'Closed','2021-10-05 00:00:00'),(74,'In Progress','2022-01-13 00:00:00'),(75,'In Progress','2022-01-05 00:00:00'),(76,'Closed','2021-11-07 00:00:00'),(77,'In Progress','2021-06-27 00:00:00'),(78,'In Progress','2021-09-23 00:00:00'),(79,'Closed','2021-07-13 00:00:00'),(80,'Closed','2021-06-09 00:00:00'),(81,'Hired','2021-11-20 00:00:00'),(82,'Hired','2021-11-22 00:00:00'),(83,'Closed','2021-09-02 00:00:00'),(84,'In Progress','2021-11-13 00:00:00'),(85,'Hired','2021-05-28 00:00:00'),(86,'In Progress','2021-07-28 00:00:00'),(87,'Closed','2022-01-01 00:00:00'),(88,'Hired','2021-09-05 00:00:00'),(89,'Closed','2022-05-01 00:00:00'),(90,'Closed','2021-05-07 00:00:00'),(91,'Hired','2021-08-31 00:00:00'),(92,'In Progress','2021-07-28 00:00:00'),(93,'In Progress','2022-02-22 00:00:00'),(94,'Hired','2022-01-01 00:00:00'),(95,'Closed','2021-05-04 00:00:00'),(96,'Closed','2022-03-26 00:00:00'),(97,'Hired','2021-10-06 00:00:00'),(98,'Hired','2021-10-09 00:00:00'),(99,'Closed','2021-11-25 00:00:00'),(100,'Closed','2021-07-25 00:00:00'),(101,'In Progress','2021-11-30 00:00:00'),(102,'Hired','2022-02-16 00:00:00'),(103,'Hired','2021-06-03 00:00:00'),(104,'Hired','2022-02-03 00:00:00'),(105,'In Progress','2021-10-16 00:00:00'),(106,'Closed','2021-10-06 00:00:00'),(107,'Hired','2022-03-21 00:00:00'),(108,'Closed','2022-01-27 00:00:00'),(109,'Hired','2021-08-05 00:00:00'),(110,'Closed','2022-02-23 00:00:00'),(111,'In Progress','2022-02-23 00:00:00'),(112,'Closed','2021-06-02 00:00:00'),(113,'In Progress','2021-07-23 00:00:00'),(114,'Closed','2022-02-07 00:00:00'),(115,'Hired','2021-10-09 00:00:00'),(116,'In Progress','2021-09-01 00:00:00'),(117,'In Progress','2022-01-04 00:00:00'),(118,'Closed','2022-04-27 00:00:00'),(119,'Hired','2022-02-24 00:00:00'),(120,'In Progress','2021-07-18 00:00:00'),(121,'Hired','2022-04-09 00:00:00'),(122,'Closed','2021-05-15 00:00:00'),(123,'Hired','2022-04-02 00:00:00'),(124,'In Progress','2022-01-19 00:00:00'),(125,'Closed','2021-08-27 00:00:00'),(126,'Hired','2021-11-20 00:00:00'),(127,'In Progress','2021-07-29 00:00:00'),(128,'In Progress','2021-09-09 00:00:00'),(129,'Hired','2022-04-04 00:00:00'),(130,'Closed','2021-12-05 00:00:00'),(131,'Hired','2022-02-15 00:00:00'),(132,'Closed','2022-03-20 00:00:00'),(133,'In Progress','2021-07-11 00:00:00'),(134,'Closed','2021-11-25 00:00:00'),(135,'Closed','2021-10-29 00:00:00'),(136,'Hired','2022-03-20 00:00:00'),(137,'In Progress','2021-07-06 00:00:00'),(138,'In Progress','2021-11-29 00:00:00'),(139,'Closed','2022-02-22 00:00:00'),(140,'In Progress','2022-02-15 00:00:00'),(141,'Hired','2021-11-13 00:00:00'),(142,'Hired','2021-06-24 00:00:00'),(143,'Hired','2021-08-19 00:00:00'),(144,'Hired','2021-08-05 00:00:00'),(145,'In Progress','2021-06-04 00:00:00'),(146,'Hired','2021-10-30 00:00:00'),(147,'In Progress','2021-10-09 00:00:00'),(148,'In Progress','2022-03-27 00:00:00'),(149,'In Progress','2022-02-26 00:00:00'),(150,'Closed','2022-02-02 00:00:00'),(151,'Closed','2021-10-24 00:00:00'),(152,'In Progress','2021-05-23 00:00:00'),(153,'In Progress','2021-08-22 00:00:00'),(154,'Hired','2022-04-16 00:00:00'),(155,'Hired','2022-05-01 00:00:00'),(156,'Closed','2021-05-23 00:00:00'),(157,'In Progress','2022-01-25 00:00:00'),(158,'Hired','2021-11-07 00:00:00'),(159,'In Progress','2022-01-15 00:00:00'),(160,'Hired','2022-02-15 00:00:00'),(161,'Closed','2021-07-22 00:00:00'),(162,'Hired','2022-03-03 00:00:00'),(163,'In Progress','2022-04-20 00:00:00'),(164,'In Progress','2021-08-24 00:00:00'),(165,'In Progress','2022-02-17 00:00:00'),(166,'In Progress','2022-04-05 00:00:00'),(167,'Closed','2021-12-09 00:00:00'),(168,'In Progress','2022-01-17 00:00:00'),(169,'Closed','2022-02-22 00:00:00'),(170,'Closed','2022-03-28 00:00:00'),(171,'Hired','2022-01-19 00:00:00'),(172,'In Progress','2021-09-10 00:00:00'),(173,'Hired','2022-04-20 00:00:00'),(174,'Closed','2022-03-25 00:00:00'),(175,'In Progress','2021-10-08 00:00:00'),(176,'Closed','2022-02-02 00:00:00'),(177,'In Progress','2022-04-17 00:00:00'),(178,'In Progress','2022-04-05 00:00:00'),(179,'Closed','2021-10-25 00:00:00'),(180,'Hired','2021-05-22 00:00:00'),(181,'Hired','2021-12-04 00:00:00'),(182,'Hired','2022-02-08 00:00:00'),(183,'Closed','2022-03-21 00:00:00'),(184,'Hired','2021-10-29 00:00:00'),(185,'Closed','2021-11-11 00:00:00'),(186,'Closed','2022-02-13 00:00:00'),(187,'Hired','2021-12-09 00:00:00'),(188,'In Progress','2021-12-07 00:00:00'),(189,'In Progress','2021-11-29 00:00:00'),(190,'In Progress','2022-03-16 00:00:00'),(191,'Closed','2022-04-19 00:00:00'),(192,'Closed','2022-05-01 00:00:00'),(193,'In Progress','2021-10-12 00:00:00'),(194,'Closed','2022-03-12 00:00:00'),(195,'Hired','2021-08-01 00:00:00'),(196,'In Progress','2022-01-12 00:00:00'),(197,'Closed','2021-08-23 00:00:00'),(198,'In Progress','2022-05-01 00:00:00'),(199,'Closed','2021-07-31 00:00:00'),(200,'In Progress','2021-11-25 00:00:00');
/*!40000 ALTER TABLE `applicationstatus` ENABLE KEYS */;
UNLOCK TABLES;


LOCK TABLES `jobposts` WRITE;
/*!40000 ALTER TABLE `jobposts` DISABLE KEYS */;
INSERT INTO `jobposts` VALUES ('Hiring Engineers','A Computer Engineer manages and designs computer hardware systems.','Managing financial reports','Teamwork','11/1/2021','1/13/2022','835-494-4027',1,1,1,1,1,1,'2021-06-15 00:00:00'),('Hiring Engineers','Staff accountants maintain and review financial statements','Managing financial reports','Sociable','7/17/2021','10/15/2021','331-893-1829',2,2,2,2,2,2,'2021-09-05 00:00:00'),('Hiring Accountants','Staff accountants maintain and review financial statements','Performing periodic analysis of computer software','Teamwork','8/11/2021','6/21/2021','434-425-3809',3,3,3,3,3,3,'2022-03-24 00:00:00'),('Hiring part-time workers','Staff accountants maintain and review financial statements','Performing periodic analysis of computer software','Hard-Working','2/14/2022','5/21/2021','286-535-5107',4,4,4,4,4,4,'2021-10-03 00:00:00'),('Hiring part-time workers','A Computer Engineer manages and designs computer hardware systems.','Work with customers.','Hard-Working','7/27/2021','12/26/2021','899-794-7723',5,5,5,5,5,5,'2022-04-28 00:00:00'),('Hiring Engineers','A Computer Engineer manages and designs computer hardware systems.','Managing financial reports','Teamwork','7/26/2021','10/5/2021','307-617-6981',6,6,6,6,6,6,'2021-08-30 00:00:00'),('Hiring Accountants','Part-time workers provide customer service.','Performing periodic analysis of computer software','Teamwork','10/28/2021','7/20/2021','269-880-7511',7,7,7,7,7,7,'2021-10-27 00:00:00'),('Hiring Engineers','Part-time workers provide customer service.','Performing periodic analysis of computer software','Sociable','4/9/2022','12/10/2021','410-807-1035',8,8,8,8,8,8,'2021-07-26 00:00:00'),('Hiring part-time workers','Part-time workers provide customer service.','Work with customers.','Hard-Working','7/31/2021','12/8/2021','599-418-8054',9,9,9,9,9,9,'2022-01-01 00:00:00'),('Hiring part-time workers','A Computer Engineer manages and designs computer hardware systems.','Work with customers.','Hard-Working','4/6/2022','9/7/2021','598-577-9551',10,10,10,10,10,10,'2021-09-02 00:00:00'),('Hiring Accountants','Part-time workers provide customer service.','Managing financial reports','Hard-Working','4/29/2022','9/21/2021','492-763-6609',11,11,11,11,11,11,'2021-09-21 00:00:00'),('Hiring part-time workers','Part-time workers provide customer service.','Managing financial reports','Hard-Working','10/5/2021','6/27/2021','475-798-6242',12,12,12,12,12,12,'2022-05-02 00:00:00'),('Hiring part-time workers','Staff accountants maintain and review financial statements','Managing financial reports','Hard-Working','7/22/2021','6/19/2021','302-374-7456',13,13,13,13,13,13,'2022-04-13 00:00:00'),('Hiring part-time workers','Staff accountants maintain and review financial statements','Managing financial reports','Sociable','10/13/2021','10/3/2021','663-857-5004',14,14,14,14,14,14,'2021-11-30 00:00:00'),('Hiring Engineers','Staff accountants maintain and review financial statements','Performing periodic analysis of computer software','Sociable','5/26/2021','11/28/2021','293-127-3305',15,15,15,15,15,15,'2021-12-11 00:00:00'),('Hiring part-time workers','A Computer Engineer manages and designs computer hardware systems.','Work with customers.','Teamwork','3/26/2022','5/23/2021','432-908-4645',16,16,16,16,16,16,'2021-12-27 00:00:00'),('Hiring Accountants','A Computer Engineer manages and designs computer hardware systems.','Performing periodic analysis of computer software','Teamwork','2/25/2022','8/8/2021','757-644-3029',17,17,17,17,17,17,'2021-09-25 00:00:00'),('Hiring Engineers','A Computer Engineer manages and designs computer hardware systems.','Managing financial reports','Teamwork','8/10/2021','8/23/2021','113-254-4611',18,18,18,18,18,18,'2021-08-09 00:00:00'),('Hiring part-time workers','A Computer Engineer manages and designs computer hardware systems.','Work with customers.','Sociable','3/21/2022','3/25/2022','834-496-8120',19,19,19,19,19,19,'2021-11-02 00:00:00'),('Hiring Accountants','A Computer Engineer manages and designs computer hardware systems.','Managing financial reports','Hard-Working','8/30/2021','11/13/2021','221-226-4434',20,20,20,20,20,20,'2022-04-20 00:00:00'),('Hiring Engineers','A Computer Engineer manages and designs computer hardware systems.','Managing financial reports','Sociable','8/4/2021','7/31/2021','856-952-9405',21,21,21,21,21,21,'2021-11-21 00:00:00'),('Hiring part-time workers','Part-time workers provide customer service.','Work with customers.','Teamwork','10/30/2021','12/15/2021','335-359-4462',22,22,22,22,22,22,'2021-07-19 00:00:00'),('Hiring Accountants','A Computer Engineer manages and designs computer hardware systems.','Work with customers.','Hard-Working','4/23/2022','4/23/2022','199-822-2172',23,23,23,23,23,23,'2021-05-09 00:00:00'),('Hiring Accountants','Part-time workers provide customer service.','Performing periodic analysis of computer software','Hard-Working','8/13/2021','11/4/2021','751-419-5612',24,24,24,24,24,24,'2022-03-29 00:00:00'),('Hiring Engineers','A Computer Engineer manages and designs computer hardware systems.','Managing financial reports','Teamwork','8/23/2021','3/4/2022','368-441-2430',25,25,25,25,25,25,'2021-07-30 00:00:00'),('Hiring part-time workers','Part-time workers provide customer service.','Work with customers.','Sociable','8/15/2021','4/20/2022','334-342-2297',26,26,26,26,26,26,'2021-09-07 00:00:00'),('Hiring Accountants','A Computer Engineer manages and designs computer hardware systems.','Managing financial reports','Sociable','11/16/2021','9/20/2021','287-917-7999',27,27,27,27,27,27,'2021-12-13 00:00:00'),('Hiring part-time workers','A Computer Engineer manages and designs computer hardware systems.','Managing financial reports','Teamwork','9/25/2021','9/30/2021','965-902-7357',28,28,28,28,28,28,'2022-03-07 00:00:00'),('Hiring part-time workers','Staff accountants maintain and review financial statements','Work with customers.','Sociable','11/11/2021','3/18/2022','709-556-6315',29,29,29,29,29,29,'2021-09-19 00:00:00'),('Hiring part-time workers','Part-time workers provide customer service.','Managing financial reports','Hard-Working','2/25/2022','3/25/2022','694-927-2792',30,30,30,30,30,30,'2021-08-13 00:00:00'),('Hiring Engineers','Part-time workers provide customer service.','Performing periodic analysis of computer software','Sociable','3/26/2022','12/16/2021','591-977-6135',31,31,31,31,31,31,'2022-04-25 00:00:00'),('Hiring part-time workers','A Computer Engineer manages and designs computer hardware systems.','Performing periodic analysis of computer software','Teamwork','10/30/2021','7/28/2021','290-391-2967',32,32,32,32,32,32,'2021-08-27 00:00:00'),('Hiring Engineers','Staff accountants maintain and review financial statements','Work with customers.','Hard-Working','7/29/2021','5/19/2021','875-392-8904',33,33,33,33,33,33,'2022-03-20 00:00:00'),('Hiring Accountants','Part-time workers provide customer service.','Managing financial reports','Sociable','4/18/2022','10/2/2021','978-535-0034',34,34,34,34,34,34,'2021-06-06 00:00:00'),('Hiring Accountants','Part-time workers provide customer service.','Managing financial reports','Sociable','5/19/2021','4/11/2022','353-204-8763',35,35,35,35,35,35,'2021-06-21 00:00:00'),('Hiring Accountants','Staff accountants maintain and review financial statements','Work with customers.','Hard-Working','9/8/2021','9/8/2021','409-357-1777',36,36,36,36,36,36,'2021-11-23 00:00:00'),('Hiring Engineers','Staff accountants maintain and review financial statements','Managing financial reports','Teamwork','10/19/2021','8/14/2021','470-537-3359',37,37,37,37,37,37,'2022-02-26 00:00:00'),('Hiring Accountants','A Computer Engineer manages and designs computer hardware systems.','Performing periodic analysis of computer software','Sociable','8/1/2021','5/19/2021','821-626-0856',38,38,38,38,38,38,'2022-02-24 00:00:00'),('Hiring part-time workers','Staff accountants maintain and review financial statements','Managing financial reports','Sociable','2/20/2022','2/1/2022','766-215-0768',39,39,39,39,39,39,'2021-06-10 00:00:00'),('Hiring part-time workers','Staff accountants maintain and review financial statements','Managing financial reports','Hard-Working','8/3/2021','7/19/2021','275-775-9279',40,40,40,40,40,40,'2021-07-24 00:00:00'),('Hiring Accountants','Staff accountants maintain and review financial statements','Performing periodic analysis of computer software','Teamwork','3/22/2022','12/30/2021','790-809-4548',41,41,41,41,41,41,'2022-02-03 00:00:00'),('Hiring part-time workers','Staff accountants maintain and review financial statements','Managing financial reports','Sociable','7/19/2021','6/1/2021','223-352-3164',42,42,42,42,42,42,'2022-03-14 00:00:00'),('Hiring Accountants','Part-time workers provide customer service.','Performing periodic analysis of computer software','Sociable','11/12/2021','12/11/2021','722-891-1562',43,43,43,43,43,43,'2021-08-11 00:00:00'),('Hiring Accountants','Staff accountants maintain and review financial statements','Performing periodic analysis of computer software','Teamwork','9/17/2021','2/19/2022','500-233-7389',44,44,44,44,44,44,'2021-05-06 00:00:00'),('Hiring Accountants','Staff accountants maintain and review financial statements','Work with customers.','Teamwork','10/4/2021','6/29/2021','813-944-8747',45,45,45,45,45,45,'2021-06-23 00:00:00'),('Hiring part-time workers','Staff accountants maintain and review financial statements','Performing periodic analysis of computer software','Teamwork','7/31/2021','10/8/2021','856-425-2049',46,46,46,46,46,46,'2021-11-10 00:00:00'),('Hiring Accountants','Staff accountants maintain and review financial statements','Work with customers.','Hard-Working','7/16/2021','6/13/2021','705-869-2638',47,47,47,47,47,47,'2021-06-22 00:00:00'),('Hiring Engineers','Staff accountants maintain and review financial statements','Managing financial reports','Hard-Working','5/15/2021','9/15/2021','247-875-0136',48,48,48,48,48,48,'2022-04-04 00:00:00'),('Hiring Engineers','Part-time workers provide customer service.','Work with customers.','Sociable','9/12/2021','9/2/2021','651-184-1163',49,49,49,49,49,49,'2021-08-12 00:00:00'),('Hiring part-time workers','Part-time workers provide customer service.','Work with customers.','Sociable','4/22/2022','12/20/2021','715-422-7512',50,50,50,50,50,50,'2022-03-02 00:00:00'),('Hiring Accountants','A Computer Engineer manages and designs computer hardware systems.','Managing financial reports','Teamwork','3/29/2022','10/6/2021','564-701-6083',51,51,51,51,51,51,'2021-08-06 00:00:00'),('Hiring Engineers','Part-time workers provide customer service.','Performing periodic analysis of computer software','Sociable','12/19/2021','9/30/2021','699-227-6386',52,52,52,52,52,52,'2022-01-19 00:00:00'),('Hiring part-time workers','A Computer Engineer manages and designs computer hardware systems.','Managing financial reports','Sociable','10/31/2021','4/4/2022','785-519-9972',53,53,53,53,53,53,'2022-01-12 00:00:00'),('Hiring Engineers','Staff accountants maintain and review financial statements','Performing periodic analysis of computer software','Hard-Working','11/16/2021','8/31/2021','997-375-0146',54,54,54,54,54,54,'2021-05-16 00:00:00'),('Hiring Accountants','Part-time workers provide customer service.','Performing periodic analysis of computer software','Sociable','8/8/2021','12/4/2021','219-581-4843',55,55,55,55,55,55,'2022-01-16 00:00:00'),('Hiring part-time workers','Part-time workers provide customer service.','Work with customers.','Sociable','8/17/2021','6/18/2021','348-627-4818',56,56,56,56,56,56,'2021-09-07 00:00:00'),('Hiring part-time workers','Staff accountants maintain and review financial statements','Performing periodic analysis of computer software','Sociable','9/5/2021','4/8/2022','884-208-1233',57,57,57,57,57,57,'2021-08-01 00:00:00'),('Hiring part-time workers','Part-time workers provide customer service.','Work with customers.','Hard-Working','5/26/2021','11/21/2021','528-997-4797',58,58,58,58,58,58,'2021-07-06 00:00:00'),('Hiring Engineers','Part-time workers provide customer service.','Work with customers.','Teamwork','8/3/2021','11/24/2021','888-705-0797',59,59,59,59,59,59,'2021-09-16 00:00:00'),('Hiring part-time workers','Part-time workers provide customer service.','Managing financial reports','Hard-Working','5/9/2021','2/5/2022','562-218-4819',60,60,60,60,60,60,'2022-01-08 00:00:00'),('Hiring Engineers','Staff accountants maintain and review financial statements','Performing periodic analysis of computer software','Sociable','12/1/2021','9/25/2021','668-837-9761',61,61,61,61,61,61,'2022-04-10 00:00:00'),('Hiring Engineers','A Computer Engineer manages and designs computer hardware systems.','Work with customers.','Hard-Working','8/16/2021','10/19/2021','604-596-2575',62,62,62,62,62,62,'2022-02-22 00:00:00'),('Hiring part-time workers','A Computer Engineer manages and designs computer hardware systems.','Performing periodic analysis of computer software','Sociable','12/31/2021','5/6/2021','488-692-5862',63,63,63,63,63,63,'2022-04-14 00:00:00'),('Hiring Engineers','A Computer Engineer manages and designs computer hardware systems.','Managing financial reports','Sociable','3/12/2022','7/2/2021','196-452-1023',64,64,64,64,64,64,'2021-05-08 00:00:00'),('Hiring Accountants','Part-time workers provide customer service.','Work with customers.','Sociable','8/9/2021','9/29/2021','124-586-4729',65,65,65,65,65,65,'2021-05-05 00:00:00'),('Hiring Accountants','Staff accountants maintain and review financial statements','Performing periodic analysis of computer software','Teamwork','10/8/2021','10/8/2021','705-380-2533',66,66,66,66,66,66,'2021-05-09 00:00:00'),('Hiring Accountants','A Computer Engineer manages and designs computer hardware systems.','Work with customers.','Teamwork','3/16/2022','9/18/2021','916-191-8262',67,67,67,67,67,67,'2022-03-28 00:00:00'),('Hiring Accountants','A Computer Engineer manages and designs computer hardware systems.','Work with customers.','Sociable','7/6/2021','5/10/2021','586-162-3946',68,68,68,68,68,68,'2021-12-15 00:00:00'),('Hiring Accountants','Part-time workers provide customer service.','Performing periodic analysis of computer software','Hard-Working','4/8/2022','11/27/2021','442-876-9965',69,69,69,69,69,69,'2021-06-14 00:00:00'),('Hiring Engineers','Part-time workers provide customer service.','Work with customers.','Teamwork','1/6/2022','1/24/2022','850-305-4225',70,70,70,70,70,70,'2022-04-06 00:00:00'),('Hiring part-time workers','Staff accountants maintain and review financial statements','Managing financial reports','Sociable','5/21/2021','1/26/2022','492-661-7170',71,71,71,71,71,71,'2021-08-13 00:00:00'),('Hiring Engineers','Part-time workers provide customer service.','Performing periodic analysis of computer software','Teamwork','3/2/2022','4/25/2022','420-114-9867',72,72,72,72,72,72,'2021-12-05 00:00:00'),('Hiring Accountants','Part-time workers provide customer service.','Work with customers.','Sociable','10/21/2021','8/21/2021','748-311-8843',73,73,73,73,73,73,'2021-11-22 00:00:00'),('Hiring Accountants','A Computer Engineer manages and designs computer hardware systems.','Work with customers.','Sociable','5/3/2021','11/4/2021','763-985-3663',74,74,74,74,74,74,'2022-02-09 00:00:00'),('Hiring part-time workers','Staff accountants maintain and review financial statements','Performing periodic analysis of computer software','Sociable','4/10/2022','1/30/2022','410-796-0776',75,75,75,75,75,75,'2021-12-10 00:00:00'),('Hiring Engineers','Staff accountants maintain and review financial statements','Managing financial reports','Sociable','10/28/2021','7/14/2021','175-929-6843',76,76,76,76,76,76,'2022-04-06 00:00:00'),('Hiring Engineers','A Computer Engineer manages and designs computer hardware systems.','Managing financial reports','Hard-Working','12/15/2021','9/6/2021','878-368-4940',77,77,77,77,77,77,'2022-04-30 00:00:00'),('Hiring Engineers','Part-time workers provide customer service.','Managing financial reports','Sociable','10/8/2021','1/28/2022','884-475-7607',78,78,78,78,78,78,'2021-12-14 00:00:00'),('Hiring Accountants','A Computer Engineer manages and designs computer hardware systems.','Managing financial reports','Teamwork','9/30/2021','2/13/2022','418-602-6224',79,79,79,79,79,79,'2021-11-07 00:00:00'),('Hiring part-time workers','Staff accountants maintain and review financial statements','Performing periodic analysis of computer software','Teamwork','4/14/2022','4/26/2022','669-347-7288',80,80,80,80,80,80,'2022-01-29 00:00:00'),('Hiring Engineers','Part-time workers provide customer service.','Performing periodic analysis of computer software','Sociable','9/3/2021','11/3/2021','171-436-7381',81,81,81,81,81,81,'2022-03-06 00:00:00'),('Hiring Accountants','Part-time workers provide customer service.','Work with customers.','Teamwork','10/6/2021','3/3/2022','719-255-5009',82,82,82,82,82,82,'2022-04-27 00:00:00'),('Hiring part-time workers','A Computer Engineer manages and designs computer hardware systems.','Work with customers.','Sociable','7/21/2021','1/23/2022','890-728-7430',83,83,83,83,83,83,'2021-12-01 00:00:00'),('Hiring part-time workers','A Computer Engineer manages and designs computer hardware systems.','Managing financial reports','Sociable','9/4/2021','12/17/2021','603-370-3662',84,84,84,84,84,84,'2021-09-12 00:00:00'),('Hiring part-time workers','A Computer Engineer manages and designs computer hardware systems.','Work with customers.','Sociable','2/23/2022','5/6/2021','862-314-1887',85,85,85,85,85,85,'2021-12-26 00:00:00'),('Hiring Accountants','Staff accountants maintain and review financial statements','Managing financial reports','Hard-Working','6/27/2021','9/9/2021','961-951-6605',86,86,86,86,86,86,'2021-10-11 00:00:00'),('Hiring Engineers','Part-time workers provide customer service.','Performing periodic analysis of computer software','Sociable','5/29/2021','8/31/2021','680-676-2620',87,87,87,87,87,87,'2021-12-08 00:00:00'),('Hiring Engineers','Part-time workers provide customer service.','Work with customers.','Sociable','5/14/2021','3/31/2022','144-754-7498',88,88,88,88,88,88,'2022-04-18 00:00:00'),('Hiring Accountants','Staff accountants maintain and review financial statements','Managing financial reports','Teamwork','7/18/2021','10/6/2021','191-868-0557',89,89,89,89,89,89,'2021-10-01 00:00:00'),('Hiring Accountants','Part-time workers provide customer service.','Performing periodic analysis of computer software','Hard-Working','6/30/2021','9/12/2021','960-370-5889',90,90,90,90,90,90,'2022-01-15 00:00:00'),('Hiring Accountants','A Computer Engineer manages and designs computer hardware systems.','Performing periodic analysis of computer software','Teamwork','4/15/2022','9/28/2021','655-611-4608',91,91,91,91,91,91,'2022-03-04 00:00:00'),('Hiring part-time workers','A Computer Engineer manages and designs computer hardware systems.','Performing periodic analysis of computer software','Teamwork','6/13/2021','6/26/2021','383-446-4495',92,92,92,92,92,92,'2021-08-03 00:00:00'),('Hiring Engineers','Part-time workers provide customer service.','Work with customers.','Sociable','3/20/2022','4/27/2022','752-178-8728',93,93,93,93,93,93,'2022-02-07 00:00:00'),('Hiring part-time workers','Staff accountants maintain and review financial statements','Work with customers.','Sociable','1/26/2022','2/28/2022','835-603-3158',94,94,94,94,94,94,'2022-04-10 00:00:00'),('Hiring Accountants','A Computer Engineer manages and designs computer hardware systems.','Performing periodic analysis of computer software','Sociable','1/30/2022','9/3/2021','477-137-7170',95,95,95,95,95,95,'2022-01-03 00:00:00'),('Hiring part-time workers','Staff accountants maintain and review financial statements','Work with customers.','Hard-Working','4/25/2022','10/10/2021','396-973-6028',96,96,96,96,96,96,'2022-01-03 00:00:00'),('Hiring Engineers','Part-time workers provide customer service.','Performing periodic analysis of computer software','Sociable','6/27/2021','10/9/2021','365-750-0430',97,97,97,97,97,97,'2021-07-05 00:00:00'),('Hiring part-time workers','A Computer Engineer manages and designs computer hardware systems.','Performing periodic analysis of computer software','Teamwork','9/27/2021','5/25/2021','583-831-5589',98,98,98,98,98,98,'2021-09-02 00:00:00'),('Hiring part-time workers','A Computer Engineer manages and designs computer hardware systems.','Performing periodic analysis of computer software','Teamwork','2/8/2022','5/4/2021','680-909-8399',99,99,99,99,99,99,'2021-07-12 00:00:00'),('Hiring Accountants','Part-time workers provide customer service.','Managing financial reports','Sociable','3/24/2022','8/16/2021','128-375-4351',100,100,100,100,100,100,'2021-05-13 00:00:00'),('Hiring Engineers','Part-time workers provide customer service.','Managing financial reports','Teamwork','3/5/2022','12/30/2021','128-613-0627',101,101,101,101,101,101,'2022-02-17 00:00:00'),('Hiring Engineers','Part-time workers provide customer service.','Performing periodic analysis of computer software','Teamwork','6/11/2021','1/14/2022','490-569-6785',102,102,102,102,102,102,'2021-05-17 00:00:00'),('Hiring Accountants','Staff accountants maintain and review financial statements','Work with customers.','Teamwork','7/26/2021','3/28/2022','938-130-0320',103,103,103,103,103,103,'2022-02-25 00:00:00'),('Hiring Accountants','Part-time workers provide customer service.','Work with customers.','Sociable','12/30/2021','2/8/2022','196-777-8658',104,104,104,104,104,104,'2022-03-26 00:00:00'),('Hiring Accountants','A Computer Engineer manages and designs computer hardware systems.','Work with customers.','Teamwork','10/17/2021','3/30/2022','823-178-7845',105,105,105,105,105,105,'2022-02-09 00:00:00'),('Hiring part-time workers','Staff accountants maintain and review financial statements','Work with customers.','Sociable','12/31/2021','6/13/2021','937-466-6662',106,106,106,106,106,106,'2021-08-10 00:00:00'),('Hiring Engineers','Staff accountants maintain and review financial statements','Work with customers.','Hard-Working','9/30/2021','2/23/2022','366-958-0157',107,107,107,107,107,107,'2021-10-03 00:00:00'),('Hiring Engineers','Staff accountants maintain and review financial statements','Managing financial reports','Sociable','6/2/2021','3/14/2022','800-458-0612',108,108,108,108,108,108,'2021-10-09 00:00:00'),('Hiring Accountants','Staff accountants maintain and review financial statements','Managing financial reports','Sociable','4/2/2022','6/23/2021','776-893-4760',109,109,109,109,109,109,'2022-03-09 00:00:00'),('Hiring Engineers','A Computer Engineer manages and designs computer hardware systems.','Managing financial reports','Sociable','3/10/2022','9/29/2021','874-271-1687',110,110,110,110,110,110,'2021-08-05 00:00:00'),('Hiring Engineers','Staff accountants maintain and review financial statements','Work with customers.','Teamwork','5/13/2021','2/23/2022','899-114-6802',111,111,111,111,111,111,'2021-10-06 00:00:00'),('Hiring Accountants','Staff accountants maintain and review financial statements','Performing periodic analysis of computer software','Teamwork','6/5/2021','6/23/2021','535-423-2465',112,112,112,112,112,112,'2021-07-30 00:00:00'),('Hiring part-time workers','Part-time workers provide customer service.','Work with customers.','Sociable','5/13/2021','5/22/2021','646-166-9622',113,113,113,113,113,113,'2021-08-21 00:00:00'),('Hiring Engineers','Part-time workers provide customer service.','Performing periodic analysis of computer software','Teamwork','11/12/2021','11/28/2021','153-607-0633',114,114,114,114,114,114,'2021-06-08 00:00:00'),('Hiring Engineers','Staff accountants maintain and review financial statements','Performing periodic analysis of computer software','Hard-Working','10/22/2021','3/10/2022','822-292-0320',115,115,115,115,115,115,'2021-05-30 00:00:00'),('Hiring Engineers','A Computer Engineer manages and designs computer hardware systems.','Managing financial reports','Hard-Working','5/28/2021','10/14/2021','469-865-1231',116,116,116,116,116,116,'2022-04-17 00:00:00'),('Hiring Accountants','A Computer Engineer manages and designs computer hardware systems.','Managing financial reports','Sociable','10/6/2021','2/3/2022','532-785-1441',117,117,117,117,117,117,'2022-02-16 00:00:00'),('Hiring part-time workers','Staff accountants maintain and review financial statements','Managing financial reports','Teamwork','12/12/2021','5/25/2021','105-703-8084',118,118,118,118,118,118,'2021-05-07 00:00:00'),('Hiring Accountants','A Computer Engineer manages and designs computer hardware systems.','Performing periodic analysis of computer software','Sociable','8/5/2021','1/20/2022','278-797-0534',119,119,119,119,119,119,'2022-03-19 00:00:00'),('Hiring Engineers','A Computer Engineer manages and designs computer hardware systems.','Work with customers.','Teamwork','6/9/2021','11/4/2021','196-829-6211',120,120,120,120,120,120,'2021-08-20 00:00:00'),('Hiring part-time workers','Part-time workers provide customer service.','Work with customers.','Hard-Working','3/28/2022','9/26/2021','947-965-8416',121,121,121,121,121,121,'2022-02-12 00:00:00'),('Hiring Accountants','Part-time workers provide customer service.','Work with customers.','Teamwork','3/17/2022','8/28/2021','114-264-1940',122,122,122,122,122,122,'2021-11-24 00:00:00'),('Hiring part-time workers','A Computer Engineer manages and designs computer hardware systems.','Performing periodic analysis of computer software','Sociable','1/26/2022','3/5/2022','814-114-8705',123,123,123,123,123,123,'2022-04-29 00:00:00'),('Hiring Engineers','A Computer Engineer manages and designs computer hardware systems.','Performing periodic analysis of computer software','Teamwork','6/8/2021','1/11/2022','300-940-5298',124,124,124,124,124,124,'2021-07-20 00:00:00'),('Hiring Accountants','A Computer Engineer manages and designs computer hardware systems.','Performing periodic analysis of computer software','Sociable','4/29/2022','4/3/2022','601-676-1761',125,125,125,125,125,125,'2022-04-24 00:00:00'),('Hiring Engineers','Staff accountants maintain and review financial statements','Work with customers.','Sociable','5/7/2021','4/5/2022','508-819-7198',126,126,126,126,126,126,'2021-06-16 00:00:00'),('Hiring Accountants','A Computer Engineer manages and designs computer hardware systems.','Performing periodic analysis of computer software','Hard-Working','4/18/2022','12/24/2021','105-327-0920',127,127,127,127,127,127,'2021-08-23 00:00:00'),('Hiring Accountants','Staff accountants maintain and review financial statements','Work with customers.','Hard-Working','8/2/2021','11/30/2021','515-208-3448',128,128,128,128,128,128,'2021-09-27 00:00:00'),('Hiring Engineers','Staff accountants maintain and review financial statements','Managing financial reports','Teamwork','11/7/2021','4/12/2022','877-494-8989',129,129,129,129,129,129,'2021-11-23 00:00:00'),('Hiring part-time workers','A Computer Engineer manages and designs computer hardware systems.','Managing financial reports','Hard-Working','6/8/2021','6/8/2021','961-606-9432',130,130,130,130,130,130,'2022-01-25 00:00:00'),('Hiring Engineers','Part-time workers provide customer service.','Managing financial reports','Sociable','3/8/2022','3/6/2022','459-874-5933',131,131,131,131,131,131,'2021-10-13 00:00:00'),('Hiring Engineers','Staff accountants maintain and review financial statements','Managing financial reports','Sociable','12/28/2021','4/3/2022','404-581-7626',132,132,132,132,132,132,'2022-03-28 00:00:00'),('Hiring Engineers','A Computer Engineer manages and designs computer hardware systems.','Performing periodic analysis of computer software','Teamwork','4/28/2022','5/4/2021','664-697-2367',133,133,133,133,133,133,'2021-10-27 00:00:00'),('Hiring Engineers','Staff accountants maintain and review financial statements','Work with customers.','Teamwork','10/16/2021','2/22/2022','299-948-2009',134,134,134,134,134,134,'2021-11-08 00:00:00'),('Hiring Accountants','Part-time workers provide customer service.','Performing periodic analysis of computer software','Hard-Working','11/23/2021','2/19/2022','130-302-4602',135,135,135,135,135,135,'2022-02-18 00:00:00'),('Hiring part-time workers','Part-time workers provide customer service.','Performing periodic analysis of computer software','Hard-Working','7/23/2021','1/11/2022','672-774-0822',136,136,136,136,136,136,'2022-01-22 00:00:00'),('Hiring Accountants','A Computer Engineer manages and designs computer hardware systems.','Managing financial reports','Teamwork','10/7/2021','3/12/2022','641-959-9537',137,137,137,137,137,137,'2021-07-06 00:00:00'),('Hiring Accountants','Staff accountants maintain and review financial statements','Work with customers.','Hard-Working','11/15/2021','8/28/2021','902-337-0418',138,138,138,138,138,138,'2021-07-31 00:00:00'),('Hiring Accountants','Staff accountants maintain and review financial statements','Performing periodic analysis of computer software','Teamwork','1/1/2022','5/12/2021','723-494-4308',139,139,139,139,139,139,'2022-01-12 00:00:00'),('Hiring Engineers','Staff accountants maintain and review financial statements','Work with customers.','Sociable','7/25/2021','10/9/2021','351-189-2413',140,140,140,140,140,140,'2021-08-30 00:00:00'),('Hiring Accountants','Staff accountants maintain and review financial statements','Performing periodic analysis of computer software','Sociable','4/15/2022','6/1/2021','500-223-0321',141,141,141,141,141,141,'2021-08-26 00:00:00'),('Hiring Engineers','A Computer Engineer manages and designs computer hardware systems.','Performing periodic analysis of computer software','Sociable','1/6/2022','9/17/2021','879-519-7578',142,142,142,142,142,142,'2022-03-31 00:00:00'),('Hiring Engineers','Part-time workers provide customer service.','Work with customers.','Sociable','6/23/2021','9/27/2021','821-641-2768',143,143,143,143,143,143,'2022-04-19 00:00:00'),('Hiring Accountants','A Computer Engineer manages and designs computer hardware systems.','Managing financial reports','Sociable','1/10/2022','10/9/2021','957-833-2581',144,144,144,144,144,144,'2021-12-06 00:00:00'),('Hiring Accountants','A Computer Engineer manages and designs computer hardware systems.','Managing financial reports','Hard-Working','12/24/2021','5/27/2021','235-548-0821',145,145,145,145,145,145,'2021-09-30 00:00:00'),('Hiring Accountants','Part-time workers provide customer service.','Managing financial reports','Sociable','4/11/2022','10/26/2021','924-226-0745',146,146,146,146,146,146,'2021-11-09 00:00:00'),('Hiring part-time workers','Part-time workers provide customer service.','Work with customers.','Teamwork','7/29/2021','6/22/2021','451-469-8332',147,147,147,147,147,147,'2022-01-08 00:00:00'),('Hiring Accountants','A Computer Engineer manages and designs computer hardware systems.','Work with customers.','Teamwork','3/28/2022','3/6/2022','193-583-9332',148,148,148,148,148,148,'2021-11-29 00:00:00'),('Hiring Accountants','Part-time workers provide customer service.','Managing financial reports','Hard-Working','8/20/2021','5/5/2021','608-115-7662',149,149,149,149,149,149,'2021-11-17 00:00:00'),('Hiring Engineers','Staff accountants maintain and review financial statements','Managing financial reports','Hard-Working','2/21/2022','2/20/2022','286-966-9486',150,150,150,150,150,150,'2021-10-08 00:00:00'),('Hiring Engineers','A Computer Engineer manages and designs computer hardware systems.','Work with customers.','Sociable','1/10/2022','5/18/2021','352-309-8375',151,151,151,151,151,151,'2021-08-25 00:00:00'),('Hiring part-time workers','Part-time workers provide customer service.','Work with customers.','Hard-Working','2/14/2022','3/22/2022','436-718-0647',152,152,152,152,152,152,'2021-10-16 00:00:00'),('Hiring part-time workers','Part-time workers provide customer service.','Performing periodic analysis of computer software','Sociable','3/4/2022','7/9/2021','839-290-1877',153,153,153,153,153,153,'2022-03-08 00:00:00'),('Hiring part-time workers','Part-time workers provide customer service.','Performing periodic analysis of computer software','Hard-Working','7/14/2021','6/9/2021','964-515-2250',154,154,154,154,154,154,'2021-08-19 00:00:00'),('Hiring Engineers','Staff accountants maintain and review financial statements','Performing periodic analysis of computer software','Hard-Working','5/15/2021','2/10/2022','582-328-2132',155,155,155,155,155,155,'2021-06-07 00:00:00'),('Hiring Accountants','A Computer Engineer manages and designs computer hardware systems.','Managing financial reports','Teamwork','6/15/2021','1/5/2022','558-392-1526',156,156,156,156,156,156,'2021-07-03 00:00:00'),('Hiring part-time workers','A Computer Engineer manages and designs computer hardware systems.','Managing financial reports','Hard-Working','1/1/2022','8/25/2021','245-453-5894',157,157,157,157,157,157,'2022-03-17 00:00:00'),('Hiring Accountants','Staff accountants maintain and review financial statements','Performing periodic analysis of computer software','Sociable','4/29/2022','1/20/2022','282-329-3822',158,158,158,158,158,158,'2021-10-24 00:00:00'),('Hiring Accountants','Staff accountants maintain and review financial statements','Work with customers.','Sociable','7/11/2021','12/5/2021','832-259-4020',159,159,159,159,159,159,'2022-02-15 00:00:00'),('Hiring Engineers','Part-time workers provide customer service.','Work with customers.','Teamwork','6/1/2021','3/21/2022','718-194-2690',160,160,160,160,160,160,'2021-10-13 00:00:00'),('Hiring Accountants','Staff accountants maintain and review financial statements','Performing periodic analysis of computer software','Hard-Working','3/8/2022','7/3/2021','564-135-9236',161,161,161,161,161,161,'2022-02-27 00:00:00'),('Hiring Accountants','A Computer Engineer manages and designs computer hardware systems.','Performing periodic analysis of computer software','Hard-Working','11/8/2021','3/8/2022','521-623-6306',162,162,162,162,162,162,'2021-10-18 00:00:00'),('Hiring Engineers','A Computer Engineer manages and designs computer hardware systems.','Managing financial reports','Hard-Working','1/30/2022','10/11/2021','111-308-5424',163,163,163,163,163,163,'2022-05-02 00:00:00'),('Hiring Engineers','Staff accountants maintain and review financial statements','Work with customers.','Sociable','3/21/2022','4/20/2022','974-357-4198',164,164,164,164,164,164,'2021-10-09 00:00:00'),('Hiring Accountants','A Computer Engineer manages and designs computer hardware systems.','Performing periodic analysis of computer software','Sociable','7/11/2021','6/18/2021','773-160-6384',165,165,165,165,165,165,'2022-01-24 00:00:00'),('Hiring Accountants','A Computer Engineer manages and designs computer hardware systems.','Managing financial reports','Hard-Working','5/26/2021','11/29/2021','516-702-4401',166,166,166,166,166,166,'2021-05-10 00:00:00'),('Hiring part-time workers','A Computer Engineer manages and designs computer hardware systems.','Work with customers.','Hard-Working','7/28/2021','7/10/2021','660-257-9401',167,167,167,167,167,167,'2021-06-18 00:00:00'),('Hiring part-time workers','Part-time workers provide customer service.','Performing periodic analysis of computer software','Sociable','9/22/2021','2/21/2022','373-591-0734',168,168,168,168,168,168,'2022-03-06 00:00:00'),('Hiring Engineers','Staff accountants maintain and review financial statements','Performing periodic analysis of computer software','Hard-Working','2/13/2022','2/24/2022','209-462-0784',169,169,169,169,169,169,'2021-05-30 00:00:00'),('Hiring Engineers','A Computer Engineer manages and designs computer hardware systems.','Performing periodic analysis of computer software','Sociable','11/26/2021','6/14/2021','754-493-1411',170,170,170,170,170,170,'2022-03-14 00:00:00'),('Hiring Accountants','Staff accountants maintain and review financial statements','Work with customers.','Teamwork','8/23/2021','3/30/2022','158-515-6660',171,171,171,171,171,171,'2022-03-13 00:00:00'),('Hiring Engineers','A Computer Engineer manages and designs computer hardware systems.','Managing financial reports','Teamwork','1/27/2022','11/3/2021','869-669-8322',172,172,172,172,172,172,'2022-01-15 00:00:00'),('Hiring part-time workers','Part-time workers provide customer service.','Work with customers.','Sociable','10/19/2021','2/3/2022','775-779-3970',173,173,173,173,173,173,'2021-05-08 00:00:00'),('Hiring part-time workers','A Computer Engineer manages and designs computer hardware systems.','Work with customers.','Teamwork','10/17/2021','4/13/2022','878-571-2439',174,174,174,174,174,174,'2021-12-11 00:00:00'),('Hiring part-time workers','Staff accountants maintain and review financial statements','Performing periodic analysis of computer software','Teamwork','4/18/2022','2/20/2022','878-796-8027',175,175,175,175,175,175,'2021-12-25 00:00:00'),('Hiring Accountants','Staff accountants maintain and review financial statements','Managing financial reports','Sociable','10/19/2021','12/2/2021','378-400-2380',176,176,176,176,176,176,'2021-09-13 00:00:00'),('Hiring part-time workers','A Computer Engineer manages and designs computer hardware systems.','Work with customers.','Hard-Working','4/2/2022','7/21/2021','958-203-6431',177,177,177,177,177,177,'2022-04-21 00:00:00'),('Hiring part-time workers','A Computer Engineer manages and designs computer hardware systems.','Performing periodic analysis of computer software','Sociable','1/16/2022','3/13/2022','680-634-2383',178,178,178,178,178,178,'2022-02-01 00:00:00'),('Hiring Engineers','Part-time workers provide customer service.','Work with customers.','Teamwork','6/26/2021','11/3/2021','771-581-9946',179,179,179,179,179,179,'2021-06-20 00:00:00'),('Hiring Accountants','Staff accountants maintain and review financial statements','Performing periodic analysis of computer software','Hard-Working','12/7/2021','2/15/2022','646-975-7115',180,180,180,180,180,180,'2021-11-12 00:00:00'),('Hiring Accountants','Part-time workers provide customer service.','Performing periodic analysis of computer software','Hard-Working','7/29/2021','4/10/2022','158-282-4349',181,181,181,181,181,181,'2021-08-08 00:00:00'),('Hiring Engineers','Staff accountants maintain and review financial statements','Performing periodic analysis of computer software','Sociable','1/12/2022','5/23/2021','139-282-3011',182,182,182,182,182,182,'2021-11-29 00:00:00'),('Hiring part-time workers','Part-time workers provide customer service.','Managing financial reports','Sociable','5/29/2021','8/3/2021','914-999-0025',183,183,183,183,183,183,'2021-07-02 00:00:00'),('Hiring Engineers','Staff accountants maintain and review financial statements','Work with customers.','Sociable','11/26/2021','6/29/2021','862-645-3597',184,184,184,184,184,184,'2021-07-30 00:00:00'),('Hiring Engineers','A Computer Engineer manages and designs computer hardware systems.','Performing periodic analysis of computer software','Hard-Working','1/21/2022','5/8/2021','302-731-9873',185,185,185,185,185,185,'2022-03-28 00:00:00'),('Hiring part-time workers','A Computer Engineer manages and designs computer hardware systems.','Work with customers.','Teamwork','8/26/2021','3/2/2022','836-934-1134',186,186,186,186,186,186,'2022-01-05 00:00:00'),('Hiring part-time workers','Staff accountants maintain and review financial statements','Work with customers.','Hard-Working','4/23/2022','12/29/2021','497-575-5159',187,187,187,187,187,187,'2021-07-07 00:00:00'),('Hiring Engineers','A Computer Engineer manages and designs computer hardware systems.','Managing financial reports','Hard-Working','8/29/2021','9/2/2021','440-768-0647',188,188,188,188,188,188,'2021-11-11 00:00:00'),('Hiring Accountants','Part-time workers provide customer service.','Managing financial reports','Hard-Working','2/3/2022','2/11/2022','140-626-8392',189,189,189,189,189,189,'2021-08-31 00:00:00'),('Hiring Accountants','Part-time workers provide customer service.','Performing periodic analysis of computer software','Teamwork','5/9/2021','7/21/2021','982-127-2547',190,190,190,190,190,190,'2022-02-25 00:00:00'),('Hiring Engineers','A Computer Engineer manages and designs computer hardware systems.','Work with customers.','Teamwork','1/22/2022','5/31/2021','269-861-7109',191,191,191,191,191,191,'2021-11-28 00:00:00'),('Hiring Engineers','Staff accountants maintain and review financial statements','Work with customers.','Teamwork','5/10/2021','10/30/2021','698-604-7952',192,192,192,192,192,192,'2022-02-07 00:00:00'),('Hiring Engineers','Part-time workers provide customer service.','Performing periodic analysis of computer software','Teamwork','8/5/2021','4/27/2022','723-997-9919',193,193,193,193,193,193,'2022-01-15 00:00:00'),('Hiring Engineers','A Computer Engineer manages and designs computer hardware systems.','Performing periodic analysis of computer software','Teamwork','10/7/2021','10/7/2021','874-267-6446',194,194,194,194,194,194,'2021-07-08 00:00:00'),('Hiring Engineers','Staff accountants maintain and review financial statements','Work with customers.','Sociable','12/19/2021','9/10/2021','501-901-0945',195,195,195,195,195,195,'2021-08-25 00:00:00'),('Hiring part-time workers','A Computer Engineer manages and designs computer hardware systems.','Work with customers.','Teamwork','4/9/2022','3/18/2022','795-946-3681',196,196,196,196,196,196,'2021-09-27 00:00:00'),('Hiring Accountants','Part-time workers provide customer service.','Work with customers.','Teamwork','11/6/2021','3/16/2022','113-501-0997',197,197,197,197,197,197,'2021-09-15 00:00:00'),('Hiring Engineers','Staff accountants maintain and review financial statements','Managing financial reports','Sociable','11/2/2021','2/19/2022','932-469-8144',198,198,198,198,198,198,'2021-06-24 00:00:00'),('Hiring part-time workers','Part-time workers provide customer service.','Managing financial reports','Teamwork','9/7/2021','7/9/2021','425-625-5736',199,199,199,199,199,199,'2021-07-16 00:00:00'),('Hiring Accountants','Staff accountants maintain and review financial statements','Managing financial reports','Sociable','12/15/2021','3/3/2022','121-250-3161',200,200,200,200,200,200,'2021-05-12 00:00:00');
/*!40000 ALTER TABLE `jobposts` ENABLE KEYS */;
UNLOCK TABLES;


LOCK TABLES `jobbenefits` WRITE;
/*!40000 ALTER TABLE `jobbenefits` DISABLE KEYS */;
INSERT INTO `jobbenefits` VALUES ('Health Insurance',1,1,'2021-06-16 00:00:00'),('Pay Raise',2,2,'2021-09-25 00:00:00'),('Pay Raise',3,3,'2021-08-05 00:00:00'),('Pay Raise',4,4,'2021-07-09 00:00:00'),('Paid Vacation',5,5,'2022-01-08 00:00:00'),('Pay Raise',6,6,'2021-10-07 00:00:00'),('Pay Raise',7,7,'2021-08-13 00:00:00'),('Pay Raise',8,8,'2021-05-08 00:00:00'),('Paid Vacation',9,9,'2021-10-01 00:00:00'),('Pay Raise',10,10,'2021-10-17 00:00:00'),('Paid Vacation',11,11,'2021-11-12 00:00:00'),('Pay Raise',12,12,'2021-10-03 00:00:00'),('Pay Raise',13,13,'2022-04-08 00:00:00'),('Paid Vacation',14,14,'2021-09-11 00:00:00'),('Pay Raise',15,15,'2021-05-18 00:00:00'),('Pay Raise',16,16,'2021-06-21 00:00:00'),('Paid Vacation',17,17,'2021-12-11 00:00:00'),('Paid Vacation',18,18,'2021-10-07 00:00:00'),('Paid Vacation',19,19,'2021-08-19 00:00:00'),('Pay Raise',20,20,'2022-01-14 00:00:00'),('Pay Raise',21,21,'2022-04-02 00:00:00'),('Pay Raise',22,22,'2021-07-30 00:00:00'),('Health Insurance',23,23,'2022-04-18 00:00:00'),('Paid Vacation',24,24,'2021-10-29 00:00:00'),('Paid Vacation',25,25,'2022-03-19 00:00:00'),('Paid Vacation',26,26,'2021-07-31 00:00:00'),('Health Insurance',27,27,'2022-01-16 00:00:00'),('Pay Raise',28,28,'2022-03-27 00:00:00'),('Health Insurance',29,29,'2021-06-01 00:00:00'),('Health Insurance',30,30,'2022-02-01 00:00:00'),('Paid Vacation',31,31,'2021-05-19 00:00:00'),('Paid Vacation',32,32,'2021-09-10 00:00:00'),('Paid Vacation',33,33,'2022-01-26 00:00:00'),('Pay Raise',34,34,'2021-07-06 00:00:00'),('Health Insurance',35,35,'2021-12-30 00:00:00'),('Pay Raise',36,36,'2022-02-20 00:00:00'),('Health Insurance',37,37,'2022-02-05 00:00:00'),('Health Insurance',38,38,'2021-10-05 00:00:00'),('Health Insurance',39,39,'2021-07-21 00:00:00'),('Health Insurance',40,40,'2021-05-06 00:00:00'),('Health Insurance',41,41,'2021-11-11 00:00:00'),('Paid Vacation',42,42,'2021-09-18 00:00:00'),('Paid Vacation',43,43,'2022-03-24 00:00:00'),('Pay Raise',44,44,'2021-05-24 00:00:00'),('Pay Raise',45,45,'2022-01-05 00:00:00'),('Health Insurance',46,46,'2022-01-26 00:00:00'),('Paid Vacation',47,47,'2021-05-23 00:00:00'),('Health Insurance',48,48,'2022-03-13 00:00:00'),('Pay Raise',49,49,'2021-08-10 00:00:00'),('Pay Raise',50,50,'2022-02-18 00:00:00'),('Paid Vacation',51,51,'2021-07-16 00:00:00'),('Health Insurance',52,52,'2022-02-24 00:00:00'),('Pay Raise',53,53,'2021-08-14 00:00:00'),('Paid Vacation',54,54,'2021-11-11 00:00:00'),('Pay Raise',55,55,'2022-04-10 00:00:00'),('Paid Vacation',56,56,'2022-03-16 00:00:00'),('Health Insurance',57,57,'2021-07-20 00:00:00'),('Paid Vacation',58,58,'2021-08-03 00:00:00'),('Pay Raise',59,59,'2022-03-05 00:00:00'),('Health Insurance',60,60,'2021-06-06 00:00:00'),('Pay Raise',61,61,'2021-08-16 00:00:00'),('Paid Vacation',62,62,'2022-01-27 00:00:00'),('Health Insurance',63,63,'2021-07-24 00:00:00'),('Paid Vacation',64,64,'2021-07-16 00:00:00'),('Health Insurance',65,65,'2021-12-03 00:00:00'),('Health Insurance',66,66,'2021-08-25 00:00:00'),('Pay Raise',67,67,'2021-11-22 00:00:00'),('Pay Raise',68,68,'2021-05-09 00:00:00'),('Paid Vacation',69,69,'2022-02-03 00:00:00'),('Paid Vacation',70,70,'2021-08-06 00:00:00'),('Pay Raise',71,71,'2022-03-07 00:00:00'),('Pay Raise',72,72,'2021-08-28 00:00:00'),('Pay Raise',73,73,'2022-02-22 00:00:00'),('Paid Vacation',74,74,'2021-07-07 00:00:00'),('Health Insurance',75,75,'2021-08-13 00:00:00'),('Paid Vacation',76,76,'2021-06-22 00:00:00'),('Pay Raise',77,77,'2021-08-29 00:00:00'),('Health Insurance',78,78,'2021-07-11 00:00:00'),('Paid Vacation',79,79,'2021-07-02 00:00:00'),('Paid Vacation',80,80,'2021-07-22 00:00:00'),('Paid Vacation',81,81,'2021-08-22 00:00:00'),('Health Insurance',82,82,'2022-01-05 00:00:00'),('Paid Vacation',83,83,'2021-11-29 00:00:00'),('Health Insurance',84,84,'2022-01-11 00:00:00'),('Paid Vacation',85,85,'2022-02-17 00:00:00'),('Pay Raise',86,86,'2022-02-16 00:00:00'),('Paid Vacation',87,87,'2021-11-25 00:00:00'),('Health Insurance',88,88,'2021-12-01 00:00:00'),('Health Insurance',89,89,'2022-01-24 00:00:00'),('Paid Vacation',90,90,'2021-06-29 00:00:00'),('Health Insurance',91,91,'2021-06-11 00:00:00'),('Paid Vacation',92,92,'2022-04-21 00:00:00'),('Health Insurance',93,93,'2021-12-23 00:00:00'),('Health Insurance',94,94,'2021-10-12 00:00:00'),('Pay Raise',95,95,'2021-06-05 00:00:00'),('Pay Raise',96,96,'2021-09-21 00:00:00'),('Health Insurance',97,97,'2021-07-18 00:00:00'),('Paid Vacation',98,98,'2021-11-11 00:00:00'),('Health Insurance',99,99,'2022-03-25 00:00:00'),('Paid Vacation',100,100,'2021-06-13 00:00:00'),('Pay Raise',101,101,'2021-08-21 00:00:00'),('Health Insurance',102,102,'2021-12-12 00:00:00'),('Health Insurance',103,103,'2022-01-28 00:00:00'),('Pay Raise',104,104,'2021-08-10 00:00:00'),('Paid Vacation',105,105,'2021-07-09 00:00:00'),('Pay Raise',106,106,'2022-01-22 00:00:00'),('Health Insurance',107,107,'2022-03-07 00:00:00'),('Paid Vacation',108,108,'2022-02-24 00:00:00'),('Paid Vacation',109,109,'2021-11-30 00:00:00'),('Pay Raise',110,110,'2021-10-08 00:00:00'),('Health Insurance',111,111,'2021-06-13 00:00:00'),('Pay Raise',112,112,'2022-02-06 00:00:00'),('Paid Vacation',113,113,'2021-07-10 00:00:00'),('Health Insurance',114,114,'2021-06-03 00:00:00'),('Health Insurance',115,115,'2021-11-25 00:00:00'),('Pay Raise',116,116,'2022-04-05 00:00:00'),('Pay Raise',117,117,'2021-09-10 00:00:00'),('Paid Vacation',118,118,'2021-12-13 00:00:00'),('Health Insurance',119,119,'2021-11-15 00:00:00'),('Health Insurance',120,120,'2021-11-14 00:00:00'),('Health Insurance',121,121,'2021-09-01 00:00:00'),('Paid Vacation',122,122,'2021-06-04 00:00:00'),('Pay Raise',123,123,'2022-02-15 00:00:00'),('Health Insurance',124,124,'2021-08-31 00:00:00'),('Health Insurance',125,125,'2021-12-31 00:00:00'),('Health Insurance',126,126,'2021-07-09 00:00:00'),('Paid Vacation',127,127,'2021-09-25 00:00:00'),('Health Insurance',128,128,'2021-12-20 00:00:00'),('Health Insurance',129,129,'2021-10-17 00:00:00'),('Health Insurance',130,130,'2021-12-23 00:00:00'),('Paid Vacation',131,131,'2022-01-26 00:00:00'),('Pay Raise',132,132,'2021-09-17 00:00:00'),('Health Insurance',133,133,'2021-11-02 00:00:00'),('Health Insurance',134,134,'2022-02-12 00:00:00'),('Paid Vacation',135,135,'2021-09-04 00:00:00'),('Health Insurance',136,136,'2021-12-11 00:00:00'),('Health Insurance',137,137,'2021-07-09 00:00:00'),('Health Insurance',138,138,'2021-09-28 00:00:00'),('Pay Raise',139,139,'2021-07-28 00:00:00'),('Paid Vacation',140,140,'2022-02-01 00:00:00'),('Pay Raise',141,141,'2021-08-17 00:00:00'),('Pay Raise',142,142,'2021-11-03 00:00:00'),('Health Insurance',143,143,'2022-01-25 00:00:00'),('Health Insurance',144,144,'2021-07-04 00:00:00'),('Paid Vacation',145,145,'2021-11-04 00:00:00'),('Health Insurance',146,146,'2021-09-23 00:00:00'),('Paid Vacation',147,147,'2021-11-28 00:00:00'),('Paid Vacation',148,148,'2021-10-13 00:00:00'),('Paid Vacation',149,149,'2022-01-10 00:00:00'),('Pay Raise',150,150,'2022-03-07 00:00:00'),('Paid Vacation',151,151,'2021-11-02 00:00:00'),('Paid Vacation',152,152,'2021-10-29 00:00:00'),('Paid Vacation',153,153,'2022-04-09 00:00:00'),('Paid Vacation',154,154,'2021-11-18 00:00:00'),('Pay Raise',155,155,'2022-01-02 00:00:00'),('Health Insurance',156,156,'2021-05-12 00:00:00'),('Pay Raise',157,157,'2022-03-10 00:00:00'),('Paid Vacation',158,158,'2022-04-27 00:00:00'),('Pay Raise',159,159,'2022-03-09 00:00:00'),('Health Insurance',160,160,'2021-05-19 00:00:00'),('Health Insurance',161,161,'2021-12-10 00:00:00'),('Health Insurance',162,162,'2022-04-10 00:00:00'),('Paid Vacation',163,163,'2021-10-18 00:00:00'),('Paid Vacation',164,164,'2021-06-04 00:00:00'),('Health Insurance',165,165,'2022-01-09 00:00:00'),('Paid Vacation',166,166,'2022-03-13 00:00:00'),('Health Insurance',167,167,'2021-08-29 00:00:00'),('Health Insurance',168,168,'2021-07-02 00:00:00'),('Pay Raise',169,169,'2021-08-25 00:00:00'),('Health Insurance',170,170,'2022-01-14 00:00:00'),('Pay Raise',171,171,'2021-07-31 00:00:00'),('Paid Vacation',172,172,'2022-03-25 00:00:00'),('Pay Raise',173,173,'2021-08-06 00:00:00'),('Paid Vacation',174,174,'2022-03-12 00:00:00'),('Health Insurance',175,175,'2021-06-08 00:00:00'),('Pay Raise',176,176,'2021-10-26 00:00:00'),('Pay Raise',177,177,'2022-02-12 00:00:00'),('Health Insurance',178,178,'2021-06-25 00:00:00'),('Health Insurance',179,179,'2021-05-04 00:00:00'),('Health Insurance',180,180,'2022-03-28 00:00:00'),('Health Insurance',181,181,'2021-08-11 00:00:00'),('Pay Raise',182,182,'2021-12-18 00:00:00'),('Pay Raise',183,183,'2021-12-08 00:00:00'),('Health Insurance',184,184,'2022-01-07 00:00:00'),('Health Insurance',185,185,'2021-06-03 00:00:00'),('Health Insurance',186,186,'2021-09-16 00:00:00'),('Health Insurance',187,187,'2021-07-19 00:00:00'),('Paid Vacation',188,188,'2022-02-12 00:00:00'),('Paid Vacation',189,189,'2021-12-23 00:00:00'),('Pay Raise',190,190,'2022-03-10 00:00:00'),('Pay Raise',191,191,'2021-07-16 00:00:00'),('Pay Raise',192,192,'2022-03-28 00:00:00'),('Health Insurance',193,193,'2022-02-19 00:00:00'),('Health Insurance',194,194,'2022-04-19 00:00:00'),('Paid Vacation',195,195,'2021-08-14 00:00:00'),('Paid Vacation',196,196,'2022-01-07 00:00:00'),('Health Insurance',197,197,'2021-10-05 00:00:00'),('Pay Raise',198,198,'2021-10-30 00:00:00'),('Pay Raise',199,199,'2022-04-25 00:00:00'),('Pay Raise',200,200,'2021-09-14 00:00:00');
/*!40000 ALTER TABLE `jobbenefits` ENABLE KEYS */;
UNLOCK TABLES;


LOCK TABLES `appliedposts` WRITE;
/*!40000 ALTER TABLE `appliedposts` DISABLE KEYS */;
INSERT INTO `appliedposts` VALUES (1,1,1,'2022-03-30 00:00:00'),(2,2,2,'2022-01-01 00:00:00'),(3,3,3,'2022-01-24 00:00:00'),(4,4,4,'2021-12-30 00:00:00'),(5,5,5,'2021-06-15 00:00:00'),(6,6,6,'2021-12-09 00:00:00'),(7,7,7,'2021-09-21 00:00:00'),(8,8,8,'2021-05-13 00:00:00'),(9,9,9,'2021-07-11 00:00:00'),(10,10,10,'2021-07-21 00:00:00'),(11,11,11,'2022-04-24 00:00:00'),(12,12,12,'2021-12-16 00:00:00'),(13,13,13,'2022-03-26 00:00:00'),(14,14,14,'2021-08-31 00:00:00'),(15,15,15,'2022-03-17 00:00:00'),(16,16,16,'2021-08-14 00:00:00'),(17,17,17,'2021-08-04 00:00:00'),(18,18,18,'2022-03-02 00:00:00'),(19,19,19,'2022-03-30 00:00:00'),(20,20,20,'2021-05-22 00:00:00'),(21,21,21,'2022-04-11 00:00:00'),(22,22,22,'2022-04-21 00:00:00'),(23,23,23,'2021-07-04 00:00:00'),(24,24,24,'2021-08-02 00:00:00'),(25,25,25,'2021-09-14 00:00:00'),(26,26,26,'2021-09-19 00:00:00'),(27,27,27,'2022-04-20 00:00:00'),(28,28,28,'2021-12-04 00:00:00'),(29,29,29,'2022-02-20 00:00:00'),(30,30,30,'2021-11-18 00:00:00'),(31,31,31,'2021-06-16 00:00:00'),(32,32,32,'2022-04-19 00:00:00'),(33,33,33,'2022-04-26 00:00:00'),(34,34,34,'2021-06-26 00:00:00'),(35,35,35,'2021-11-13 00:00:00'),(36,36,36,'2021-08-31 00:00:00'),(37,37,37,'2021-05-25 00:00:00'),(38,38,38,'2021-10-03 00:00:00'),(39,39,39,'2021-11-30 00:00:00'),(40,40,40,'2022-02-04 00:00:00'),(41,41,41,'2021-06-12 00:00:00'),(42,42,42,'2021-05-12 00:00:00'),(43,43,43,'2021-10-17 00:00:00'),(44,44,44,'2021-06-28 00:00:00'),(45,45,45,'2022-01-22 00:00:00'),(46,46,46,'2021-07-10 00:00:00'),(47,47,47,'2021-07-03 00:00:00'),(48,48,48,'2021-05-24 00:00:00'),(49,49,49,'2021-09-22 00:00:00'),(50,50,50,'2021-10-14 00:00:00'),(51,51,51,'2022-04-09 00:00:00'),(52,52,52,'2021-11-02 00:00:00'),(53,53,53,'2021-09-10 00:00:00'),(54,54,54,'2021-05-23 00:00:00'),(55,55,55,'2021-07-28 00:00:00'),(56,56,56,'2022-04-16 00:00:00'),(57,57,57,'2021-08-27 00:00:00'),(58,58,58,'2021-12-17 00:00:00'),(59,59,59,'2021-05-12 00:00:00'),(60,60,60,'2021-06-24 00:00:00'),(61,61,61,'2022-01-08 00:00:00'),(62,62,62,'2021-05-29 00:00:00'),(63,63,63,'2021-06-05 00:00:00'),(64,64,64,'2021-08-06 00:00:00'),(65,65,65,'2021-08-11 00:00:00'),(66,66,66,'2022-01-05 00:00:00'),(67,67,67,'2021-10-03 00:00:00'),(68,68,68,'2021-05-09 00:00:00'),(69,69,69,'2022-04-11 00:00:00'),(70,70,70,'2021-09-23 00:00:00'),(71,71,71,'2022-03-06 00:00:00'),(72,72,72,'2021-08-07 00:00:00'),(73,73,73,'2022-03-20 00:00:00'),(74,74,74,'2022-01-12 00:00:00'),(75,75,75,'2021-12-13 00:00:00'),(76,76,76,'2021-12-20 00:00:00'),(77,77,77,'2021-10-28 00:00:00'),(78,78,78,'2022-01-16 00:00:00'),(79,79,79,'2021-10-29 00:00:00'),(80,80,80,'2021-08-14 00:00:00'),(81,81,81,'2021-06-29 00:00:00'),(82,82,82,'2021-12-10 00:00:00'),(83,83,83,'2021-05-04 00:00:00'),(84,84,84,'2022-04-02 00:00:00'),(85,85,85,'2021-07-29 00:00:00'),(86,86,86,'2022-02-06 00:00:00'),(87,87,87,'2021-10-08 00:00:00'),(88,88,88,'2021-09-07 00:00:00'),(89,89,89,'2022-03-04 00:00:00'),(90,90,90,'2021-07-19 00:00:00'),(91,91,91,'2021-11-09 00:00:00'),(92,92,92,'2021-06-01 00:00:00'),(93,93,93,'2021-10-15 00:00:00'),(94,94,94,'2022-02-07 00:00:00'),(95,95,95,'2022-03-25 00:00:00'),(96,96,96,'2021-12-15 00:00:00'),(97,97,97,'2021-08-11 00:00:00'),(98,98,98,'2021-11-08 00:00:00'),(99,99,99,'2021-05-25 00:00:00'),(100,100,100,'2022-04-05 00:00:00'),(101,101,101,'2021-10-20 00:00:00'),(102,102,102,'2021-11-06 00:00:00'),(103,103,103,'2022-02-12 00:00:00'),(104,104,104,'2021-10-18 00:00:00'),(105,105,105,'2022-03-30 00:00:00'),(106,106,106,'2021-05-19 00:00:00'),(107,107,107,'2021-12-05 00:00:00'),(108,108,108,'2021-10-26 00:00:00'),(109,109,109,'2021-10-27 00:00:00'),(110,110,110,'2021-06-24 00:00:00'),(111,111,111,'2021-07-16 00:00:00'),(112,112,112,'2021-06-14 00:00:00'),(113,113,113,'2022-04-23 00:00:00'),(114,114,114,'2021-05-14 00:00:00'),(115,115,115,'2021-07-08 00:00:00'),(116,116,116,'2022-02-28 00:00:00'),(117,117,117,'2021-10-06 00:00:00'),(118,118,118,'2021-10-27 00:00:00'),(119,119,119,'2022-04-29 00:00:00'),(120,120,120,'2022-03-15 00:00:00'),(121,121,121,'2021-10-26 00:00:00'),(122,122,122,'2022-04-12 00:00:00'),(123,123,123,'2021-05-04 00:00:00'),(124,124,124,'2021-07-12 00:00:00'),(125,125,125,'2021-12-18 00:00:00'),(126,126,126,'2021-10-15 00:00:00'),(127,127,127,'2021-12-06 00:00:00'),(128,128,128,'2022-02-17 00:00:00'),(129,129,129,'2021-12-26 00:00:00'),(130,130,130,'2021-11-11 00:00:00'),(131,131,131,'2021-08-28 00:00:00'),(132,132,132,'2021-06-29 00:00:00'),(133,133,133,'2021-11-13 00:00:00'),(134,134,134,'2022-02-21 00:00:00'),(135,135,135,'2022-02-27 00:00:00'),(136,136,136,'2022-02-17 00:00:00'),(137,137,137,'2021-11-07 00:00:00'),(138,138,138,'2021-10-04 00:00:00'),(139,139,139,'2021-12-19 00:00:00'),(140,140,140,'2022-02-25 00:00:00'),(141,141,141,'2021-11-20 00:00:00'),(142,142,142,'2021-08-19 00:00:00'),(143,143,143,'2022-04-04 00:00:00'),(144,144,144,'2021-11-27 00:00:00'),(145,145,145,'2021-09-29 00:00:00'),(146,146,146,'2021-11-25 00:00:00'),(147,147,147,'2021-08-05 00:00:00'),(148,148,148,'2022-01-16 00:00:00'),(149,149,149,'2022-03-05 00:00:00'),(150,150,150,'2022-05-02 00:00:00'),(151,151,151,'2022-04-12 00:00:00'),(152,152,152,'2022-04-25 00:00:00'),(153,153,153,'2021-08-04 00:00:00'),(154,154,154,'2022-02-10 00:00:00'),(155,155,155,'2021-11-09 00:00:00'),(156,156,156,'2021-09-08 00:00:00'),(157,157,157,'2021-07-03 00:00:00'),(158,158,158,'2021-10-12 00:00:00'),(159,159,159,'2021-07-07 00:00:00'),(160,160,160,'2022-02-12 00:00:00'),(161,161,161,'2021-11-22 00:00:00'),(162,162,162,'2021-10-23 00:00:00'),(163,163,163,'2022-01-06 00:00:00'),(164,164,164,'2021-11-11 00:00:00'),(165,165,165,'2021-10-27 00:00:00'),(166,166,166,'2022-02-02 00:00:00'),(167,167,167,'2021-07-16 00:00:00'),(168,168,168,'2021-08-13 00:00:00'),(169,169,169,'2022-02-24 00:00:00'),(170,170,170,'2022-03-06 00:00:00'),(171,171,171,'2021-11-29 00:00:00'),(172,172,172,'2022-01-28 00:00:00'),(173,173,173,'2021-06-24 00:00:00'),(174,174,174,'2022-02-15 00:00:00'),(175,175,175,'2022-04-22 00:00:00'),(176,176,176,'2021-07-13 00:00:00'),(177,177,177,'2021-06-01 00:00:00'),(178,178,178,'2021-07-01 00:00:00'),(179,179,179,'2022-02-05 00:00:00'),(180,180,180,'2022-03-24 00:00:00'),(181,181,181,'2021-11-09 00:00:00'),(182,182,182,'2021-09-29 00:00:00'),(183,183,183,'2021-11-16 00:00:00'),(184,184,184,'2022-02-16 00:00:00'),(185,185,185,'2021-08-24 00:00:00'),(186,186,186,'2022-01-16 00:00:00'),(187,187,187,'2021-07-15 00:00:00'),(188,188,188,'2021-05-08 00:00:00'),(189,189,189,'2021-09-12 00:00:00'),(190,190,190,'2021-07-23 00:00:00'),(191,191,191,'2021-07-19 00:00:00'),(192,192,192,'2021-05-13 00:00:00'),(193,193,193,'2022-01-26 00:00:00'),(194,194,194,'2021-09-14 00:00:00'),(195,195,195,'2021-09-25 00:00:00'),(196,196,196,'2021-12-11 00:00:00'),(197,197,197,'2022-03-05 00:00:00'),(198,198,198,'2022-03-12 00:00:00'),(199,199,199,'2022-01-12 00:00:00'),(200,200,200,'2022-02-01 00:00:00');
/*!40000 ALTER TABLE `appliedposts` ENABLE KEYS */;
UNLOCK TABLES;


LOCK TABLES `savedposts` WRITE;
/*!40000 ALTER TABLE `savedposts` DISABLE KEYS */;
INSERT INTO `savedposts` VALUES (1,1,'2021-08-30 00:00:00'),(2,2,'2021-08-07 00:00:00'),(3,3,'2021-08-13 00:00:00'),(4,4,'2022-01-25 00:00:00'),(5,5,'2021-06-08 00:00:00'),(6,6,'2022-01-22 00:00:00'),(7,7,'2021-09-22 00:00:00'),(8,8,'2021-07-07 00:00:00'),(9,9,'2021-11-07 00:00:00'),(10,10,'2022-05-02 00:00:00'),(11,11,'2022-02-22 00:00:00'),(12,12,'2021-07-05 00:00:00'),(13,13,'2021-06-20 00:00:00'),(14,14,'2021-06-24 00:00:00'),(15,15,'2021-09-17 00:00:00'),(16,16,'2022-01-27 00:00:00'),(17,17,'2022-04-11 00:00:00'),(18,18,'2022-01-14 00:00:00'),(19,19,'2021-11-09 00:00:00'),(20,20,'2022-02-19 00:00:00'),(21,21,'2021-08-20 00:00:00'),(22,22,'2021-05-08 00:00:00'),(23,23,'2021-10-22 00:00:00'),(24,24,'2022-01-20 00:00:00'),(25,25,'2021-09-04 00:00:00'),(26,26,'2022-01-17 00:00:00'),(27,27,'2021-10-22 00:00:00'),(28,28,'2021-06-15 00:00:00'),(29,29,'2021-05-24 00:00:00'),(30,30,'2022-02-23 00:00:00'),(31,31,'2021-12-13 00:00:00'),(32,32,'2022-02-03 00:00:00'),(33,33,'2021-12-16 00:00:00'),(34,34,'2022-03-27 00:00:00'),(35,35,'2022-04-13 00:00:00'),(36,36,'2021-08-25 00:00:00'),(37,37,'2021-08-08 00:00:00'),(38,38,'2022-04-09 00:00:00'),(39,39,'2021-07-28 00:00:00'),(40,40,'2022-03-26 00:00:00'),(41,41,'2021-06-27 00:00:00'),(42,42,'2022-02-23 00:00:00'),(43,43,'2021-05-15 00:00:00'),(44,44,'2022-03-03 00:00:00'),(45,45,'2021-12-10 00:00:00'),(46,46,'2021-09-23 00:00:00'),(47,47,'2021-12-28 00:00:00'),(48,48,'2022-04-30 00:00:00'),(49,49,'2021-08-02 00:00:00'),(50,50,'2021-10-06 00:00:00'),(51,51,'2021-05-19 00:00:00'),(52,52,'2022-04-19 00:00:00'),(53,53,'2021-09-07 00:00:00'),(54,54,'2021-11-21 00:00:00'),(55,55,'2021-06-15 00:00:00'),(56,56,'2022-02-13 00:00:00'),(57,57,'2021-06-28 00:00:00'),(58,58,'2021-09-04 00:00:00'),(59,59,'2022-02-01 00:00:00'),(60,60,'2021-11-14 00:00:00'),(61,61,'2022-01-16 00:00:00'),(62,62,'2021-10-06 00:00:00'),(63,63,'2021-07-01 00:00:00'),(64,64,'2022-03-01 00:00:00'),(65,65,'2022-03-08 00:00:00'),(66,66,'2021-08-07 00:00:00'),(67,67,'2021-12-11 00:00:00'),(68,68,'2021-05-05 00:00:00'),(69,69,'2021-09-21 00:00:00'),(70,70,'2022-03-13 00:00:00'),(71,71,'2021-09-13 00:00:00'),(72,72,'2022-04-09 00:00:00'),(73,73,'2021-11-20 00:00:00'),(74,74,'2021-05-28 00:00:00'),(75,75,'2021-06-24 00:00:00'),(76,76,'2022-03-03 00:00:00'),(77,77,'2022-01-03 00:00:00'),(78,78,'2022-03-17 00:00:00'),(79,79,'2021-11-17 00:00:00'),(80,80,'2022-01-11 00:00:00'),(81,81,'2021-10-31 00:00:00'),(82,82,'2021-10-05 00:00:00'),(83,83,'2022-03-05 00:00:00'),(84,84,'2021-11-21 00:00:00'),(85,85,'2021-08-20 00:00:00'),(86,86,'2021-09-06 00:00:00'),(87,87,'2021-08-28 00:00:00'),(88,88,'2021-06-20 00:00:00'),(89,89,'2021-12-06 00:00:00'),(90,90,'2022-03-11 00:00:00'),(91,91,'2021-09-15 00:00:00'),(92,92,'2022-04-20 00:00:00'),(93,93,'2021-07-01 00:00:00'),(94,94,'2022-03-13 00:00:00'),(95,95,'2021-07-20 00:00:00'),(96,96,'2022-03-12 00:00:00'),(97,97,'2021-07-26 00:00:00'),(98,98,'2021-12-28 00:00:00'),(99,99,'2021-05-13 00:00:00'),(100,100,'2021-07-02 00:00:00'),(101,101,'2021-10-13 00:00:00'),(102,102,'2022-04-03 00:00:00'),(103,103,'2021-10-16 00:00:00'),(104,104,'2021-06-09 00:00:00'),(105,105,'2021-05-10 00:00:00'),(106,106,'2022-01-27 00:00:00'),(107,107,'2022-01-01 00:00:00'),(108,108,'2021-11-26 00:00:00'),(109,109,'2021-11-22 00:00:00'),(110,110,'2021-05-18 00:00:00'),(111,111,'2022-04-11 00:00:00'),(112,112,'2021-08-02 00:00:00'),(113,113,'2022-02-04 00:00:00'),(114,114,'2021-06-13 00:00:00'),(115,115,'2022-03-23 00:00:00'),(116,116,'2021-11-18 00:00:00'),(117,117,'2022-04-19 00:00:00'),(118,118,'2021-07-02 00:00:00'),(119,119,'2022-04-24 00:00:00'),(120,120,'2021-12-18 00:00:00'),(121,121,'2021-10-05 00:00:00'),(122,122,'2022-04-01 00:00:00'),(123,123,'2021-12-29 00:00:00'),(124,124,'2021-12-10 00:00:00'),(125,125,'2021-05-07 00:00:00'),(126,126,'2021-07-28 00:00:00'),(127,127,'2021-12-22 00:00:00'),(128,128,'2022-05-01 00:00:00'),(129,129,'2022-01-27 00:00:00'),(130,130,'2021-06-23 00:00:00'),(131,131,'2022-02-16 00:00:00'),(132,132,'2021-12-18 00:00:00'),(133,133,'2022-01-22 00:00:00'),(134,134,'2022-02-24 00:00:00'),(135,135,'2021-10-08 00:00:00'),(136,136,'2022-04-20 00:00:00'),(137,137,'2021-07-08 00:00:00'),(138,138,'2021-10-30 00:00:00'),(139,139,'2021-11-22 00:00:00'),(140,140,'2022-02-03 00:00:00'),(141,141,'2021-12-26 00:00:00'),(142,142,'2021-08-12 00:00:00'),(143,143,'2021-07-03 00:00:00'),(144,144,'2021-12-11 00:00:00'),(145,145,'2021-11-16 00:00:00'),(146,146,'2021-09-13 00:00:00'),(147,147,'2021-09-12 00:00:00'),(148,148,'2021-10-10 00:00:00'),(149,149,'2021-10-06 00:00:00'),(150,150,'2021-08-03 00:00:00'),(151,151,'2021-07-01 00:00:00'),(152,152,'2021-12-12 00:00:00'),(153,153,'2021-11-05 00:00:00'),(154,154,'2021-07-14 00:00:00'),(155,155,'2022-03-07 00:00:00'),(156,156,'2021-08-23 00:00:00'),(157,157,'2022-02-28 00:00:00'),(158,158,'2021-11-17 00:00:00'),(159,159,'2021-12-27 00:00:00'),(160,160,'2021-06-26 00:00:00'),(161,161,'2021-06-09 00:00:00'),(162,162,'2021-09-23 00:00:00'),(163,163,'2022-02-20 00:00:00'),(164,164,'2021-09-10 00:00:00'),(165,165,'2021-07-10 00:00:00'),(166,166,'2021-07-06 00:00:00'),(167,167,'2021-08-05 00:00:00'),(168,168,'2022-03-11 00:00:00'),(169,169,'2022-05-01 00:00:00'),(170,170,'2021-07-04 00:00:00'),(171,171,'2022-02-23 00:00:00'),(172,172,'2022-02-16 00:00:00'),(173,173,'2021-08-12 00:00:00'),(174,174,'2022-02-14 00:00:00'),(175,175,'2022-03-14 00:00:00'),(176,176,'2022-01-12 00:00:00'),(177,177,'2021-11-18 00:00:00'),(178,178,'2022-03-29 00:00:00'),(179,179,'2021-06-20 00:00:00'),(180,180,'2022-02-15 00:00:00'),(181,181,'2021-12-09 00:00:00'),(182,182,'2022-04-29 00:00:00'),(183,183,'2022-04-11 00:00:00'),(184,184,'2021-11-01 00:00:00'),(185,185,'2022-03-06 00:00:00'),(186,186,'2022-03-05 00:00:00'),(187,187,'2021-11-20 00:00:00'),(188,188,'2021-08-09 00:00:00'),(189,189,'2021-06-02 00:00:00'),(190,190,'2021-11-29 00:00:00'),(191,191,'2021-12-15 00:00:00'),(192,192,'2022-01-23 00:00:00'),(193,193,'2021-10-17 00:00:00'),(194,194,'2021-10-26 00:00:00'),(195,195,'2022-03-03 00:00:00'),(196,196,'2021-08-12 00:00:00'),(197,197,'2021-11-20 00:00:00'),(198,198,'2022-04-12 00:00:00'),(199,199,'2022-02-28 00:00:00'),(200,200,'2022-01-08 00:00:00');
/*!40000 ALTER TABLE `savedposts` ENABLE KEYS */;
UNLOCK TABLES;


/*!40101 SET SQL_MODE=@OLD_SQL_MODE */;
/*!40014 SET FOREIGN_KEY_CHECKS=@OLD_FOREIGN_KEY_CHECKS */;
/*!40014 SET UNIQUE_CHECKS=@OLD_UNIQUE_CHECKS */;
/*!40101 SET CHARACTER_SET_CLIENT=@OLD_CHARACTER_SET_CLIENT */;
/*!40101 SET CHARACTER_SET_RESULTS=@OLD_CHARACTER_SET_RESULTS */;
/*!40101 SET COLLATION_CONNECTION=@OLD_COLLATION_CONNECTION */;
/*!40111 SET SQL_NOTES=@OLD_SQL_NOTES */;
